User_ID,Calories_Consumed,Protein_Intake_g,Junk_Food_Frequency_week,Diet_Quality_Score
1001,2572,127,4,9
1002,1495,71,4,6
1003,2337,82,3,9
1004,2617,103,1,10
1005,2272,93,3,8
1006,2293,126,5,10
1007,2308,97,2,10
1008,2351,87,1,10
1009,1929,123,3,10
1010,2262,90,0,10
1011,1991,86,2,10
1012,2135,71,3,9
1013,2367,105,0,10
1014,1731,88,2,10
1015,2241,112,3,10
1016,2372,107,2,10
1017,2617,118,1,10
1018,1300,53,0,10
1019,1754,65,1,10
1020,2276,99,2,10
1021,3031,115,8,3
1022,2541,111,1,10
1023,1814,81,2,10
1024,2207,98,0,10
1025,2159,98,2,10
1026,1426,83,2,10
1027,1899,84,1,10
1028,1242,68,6,6
1029,2467,110,3,10
1030,3482,161,1,10
1031,1984,90,2,10
1032,2025,88,5,5
1033,1997,101,3,9
1034,1695,75,1,10
1035,2635,120,1,10
1036,2760,133,1,10
1037,1690,90,3,10
1038,2364,102,0,10
1039,2474,116,1,10
1040,2479,150,2,10
1041,2496,107,1,10
1042,2334,107,4,9
1043,2262,104,1,10
1044,2012,82,3,8
1045,2237,97,3,10
1046,2786,109,3,9
1047,2972,135,2,10
1048,1827,87,3,8
1049,2649,109,4,7
1050,2729,121,1,10
1051,2363,98,3,10
1052,2245,97,1,10
1053,1795,87,3,10
1054,2725,106,3,10
1055,1912,101,1,10
1056,2630,100,1,10
1057,2619,106,1,10
1058,1728,66,4,8
1059,2200,91,0,10
1060,1892,117,0,10
1061,2940,144,1,10
1062,2247,128,5,9
1063,2671,126,2,10
1064,2840,93,3,8
1065,1962,91,3,9
1066,1433,57,4,5
1067,1457,62,1,8
1068,2881,122,2,10
1069,1734,110,3,9
1070,2211,93,4,7
1071,2492,90,4,8
1072,2591,128,1,10
1073,1528,85,5,6
1074,1633,69,1,10
1075,3088,138,4,10
1076,2996,125,2,10
1077,2812,118,4,10
1078,3057,126,1,10
1079,1766,94,2,10
1080,1953,72,2,9
1081,1976,68,6,4
1082,2435,122,2,10
1083,2200,89,2,9
1084,2481,105,4,7
1085,2475,79,1,10
1086,2094,110,5,7
1087,2366,69,1,10
1088,1259,56,4,7
1089,2487,108,6,8
1090,2548,102,1,10
1091,2078,84,4,6
1092,2564,110,0,10
1093,2063,88,6,5
1094,1578,72,1,10
1095,1690,85,1,10
1096,2592,116,0,10
1097,1775,82,5,7
1098,2429,83,1,10
1099,2207,77,1,10
1100,2273,109,0,10
1101,2784,105,2,8
1102,3158,122,2,10
1103,2994,147,0,10
1104,1551,86,1,10
1105,2586,137,1,10
1106,1952,101,1,10
1107,2559,124,4,8
1108,1807,90,1,10
1109,1377,73,0,10
1110,2609,133,3,10
1111,2370,81,5,7
1112,1921,59,4,6
1113,3105,146,0,10
1114,1654,80,1,10
1115,3033,156,0,10
1116,1962,99,3,10
1117,2565,138,2,10
1118,1912,97,3,10
1119,2368,127,1,10
1120,2174,110,3,9
1121,2437,119,1,10
1122,2793,135,2,10
1123,1808,97,1,10
1124,1797,79,2,10
1125,2624,114,1,10
1126,2005,100,0,10
1127,2492,123,2,10
1128,2570,96,4,8
1129,1182,61,1,10
1130,2396,114,2,10
1131,1815,81,6,6
1132,2743,135,1,10
1133,1957,72,2,10
1134,2392,127,2,10
1135,1843,113,1,10
1136,2312,101,3,9
1137,1792,78,5,6
1138,2258,88,2,8
1139,2104,99,2,10
1140,2595,101,1,10
1141,1556,44,2,8
1142,2746,109,6,6
1143,2992,148,4,10
1144,2357,101,1,10
1145,1688,79,1,10
1146,1918,77,3,8
1147,1865,105,0,10
1148,2375,96,2,10
1149,2299,95,3,10
1150,2773,137,0,10
1151,2151,61,2,10
1152,1681,62,2,8
1153,1747,98,3,10
1154,2011,87,2,10
1155,2172,84,1,10
1156,1956,88,3,10
1157,2558,114,4,9
1158,2340,122,4,8
1159,1642,70,1,10
1160,1724,69,3,8
1161,3342,167,2,10
1162,2696,133,4,10
1163,2386,108,1,10
1164,1676,80,3,7
1165,1838,105,2,10
1166,2103,88,3,9
1167,2466,118,3,10
1168,2759,127,2,10
1169,1972,66,2,8
1170,2594,77,2,10
1171,2984,118,2,10
1172,2457,102,2,10
1173,1755,91,1,10
1174,2088,83,2,10
1175,2042,86,0,10
1176,2471,84,3,9
1177,1915,87,5,6
1178,3271,132,2,10
1179,1510,54,2,10
1180,1959,92,1,10
1181,2299,92,2,10
1182,1443,62,4,6
1183,2262,103,3,10
1184,1479,99,0,10
1185,2458,122,3,9
1186,2499,132,2,10
1187,2195,72,1,10
1188,1853,82,2,10
1189,1996,66,3,8
1190,3096,123,0,10
1191,1702,49,2,8
1192,2302,75,1,10
1193,1738,91,2,10
1194,2104,106,2,10
1195,1037,75,1,10
1196,2240,103,1,10
1197,2579,128,4,10
1198,1509,84,2,9
1199,2631,96,1,10
1200,3138,142,3,10
1201,2390,107,0,10
1202,2477,114,1,10
1203,2289,123,1,10
1204,2417,106,1,10
1205,2407,78,2,7
1206,1472,33,2,7
1207,2492,109,0,10
1208,2431,97,4,9
1209,2148,75,2,10
1210,1813,69,4,9
1211,2484,123,1,10
1212,1968,93,1,10
1213,2113,95,1,10
1214,1925,89,1,10
1215,2353,107,2,10
1216,1838,98,3,9
1217,1033,50,0,10
1218,2391,81,1,9
1219,1541,76,2,10
1220,1723,85,3,10
1221,2333,109,2,10
1222,2144,109,1,10
1223,1811,71,2,10
1224,2163,106,2,10
1225,2983,154,1,10
1226,2078,87,4,9
1227,2730,122,2,10
1228,2324,101,1,10
1229,2595,96,1,10
1230,2072,111,3,10
1231,2450,106,1,10
1232,3074,126,3,10
1233,2078,104,1,10
1234,2273,119,2,10
1235,1884,78,4,8
1236,1582,71,3,8
1237,1710,66,2,10
1238,2363,97,4,10
1239,2618,101,2,10
1240,2133,83,2,10
1241,2055,88,3,9
1242,2614,122,4,9
1243,1942,100,3,10
1244,2225,86,3,8
1245,3309,148,2,10
1246,3475,176,1,10
1247,2728,119,3,10
1248,2369,99,0,10
1249,2836,124,1,10
1250,1271,68,1,10
1251,1970,96,0,10
1252,2282,109,4,9
1253,1511,91,6,6
1254,2084,90,4,9
1255,1984,101,0,10
1256,2352,108,2,9
1257,2330,111,5,8
1258,1541,73,3,10
1259,2237,100,2,10
1260,3396,154,3,10
1261,2629,90,1,10
1262,1872,99,2,10
1263,1656,63,2,7
1264,2259,84,2,9
1265,1928,66,1,10
1266,2166,105,1,10
1267,2453,108,6,8
1268,1719,90,3,9
1269,2273,143,2,10
1270,1647,58,3,9
1271,1757,91,2,10
1272,2245,105,0,10
1273,2278,122,2,10
1274,2480,88,5,7
1275,2265,71,1,10
1276,2792,116,2,10
1277,2299,99,4,6
1278,2930,113,3,10
1279,1611,66,1,10
1280,2217,103,2,10
1281,2442,115,2,10
1282,1734,74,3,9
1283,2076,94,4,10
1284,2096,87,1,10
1285,2003,101,1,10
1286,2560,99,3,10
1287,2356,96,1,10
1288,2383,122,6,7
1289,2001,71,1,10
1290,2399,106,3,9
1291,1619,82,0,10
1292,2158,120,1,10
1293,2470,103,2,10
1294,2010,64,4,7
1295,2050,90,0,10
1296,1857,86,3,8
1297,1970,92,3,9
1298,2542,110,4,9
1299,1467,53,3,7
1300,2374,71,3,10
1301,2122,60,3,8
1302,1985,70,1,10
1303,2357,99,4,7
1304,1719,67,1,9
1305,2330,126,3,10
1306,1995,108,4,8
1307,1857,68,1,10
1308,2122,81,3,10
1309,2427,101,2,10
1310,2303,74,3,10
1311,2047,111,1,10
1312,2075,94,2,9
1313,1835,78,0,10
1314,1984,91,3,9
1315,2030,111,0,10
1316,1620,54,3,7
1317,1198,53,0,10
1318,1745,89,3,8
1319,2572,112,4,10
1320,2551,100,1,10
1321,2727,99,4,6
1322,2226,97,3,10
1323,2502,124,3,10
1324,2166,102,3,8
1325,1152,69,3,9
1326,2474,132,0,10
1327,1623,61,4,6
1328,1811,85,2,10
1329,2867,113,1,10
1330,1562,72,1,10
1331,1313,75,5,5
1332,2661,106,1,10
1333,1309,65,4,7
1334,920,25,2,6
1335,1559,60,5,6
1336,2238,114,3,10
1337,2409,111,4,10
1338,2424,82,4,7
1339,2515,115,1,10
1340,1971,80,4,7
1341,2744,95,2,10
1342,2608,99,1,10
1343,1872,75,4,7
1344,2160,109,5,7
1345,3092,134,3,10
1346,2344,91,2,10
1347,3310,117,0,10
1348,1136,89,2,10
1349,1920,80,1,10
1350,1841,91,3,8
1351,1622,48,1,10
1352,1690,60,4,5
1353,2325,92,3,9
1354,1947,87,1,10
1355,2240,89,2,9
1356,1850,105,2,10
1357,1973,106,0,10
1358,1063,58,1,10
1359,2593,107,2,10
1360,2940,117,3,10
1361,2185,121,1,10
1362,2325,87,2,10
1363,1720,74,2,9
1364,1339,37,3,6
1365,2078,89,0,10
1366,1563,92,1,10
1367,2849,112,4,9
1368,2634,152,2,10
1369,2637,137,3,10
1370,1713,65,1,10
1371,2042,72,3,9
1372,2802,110,1,10
1373,1883,80,1,10
1374,1967,71,0,10
1375,2630,143,2,10
1376,2055,98,3,10
1377,1760,82,0,10
1378,2341,111,2,9
1379,2735,101,3,8
1380,2395,99,1,10
1381,2481,119,1,10
1382,2400,93,1,10
1383,2677,127,5,8
1384,2657,125,1,10
1385,1518,81,1,10
1386,2239,106,3,7
1387,1964,90,3,9
1388,2168,97,1,9
1389,2945,136,3,10
1390,2675,133,1,10
1391,1454,46,3,6
1392,1766,96,3,10
1393,1979,69,1,10
1394,2444,117,3,10
1395,2419,113,2,10
1396,2735,122,2,9
1397,2562,97,1,10
1398,1751,76,2,9
1399,2006,105,1,10
1400,2498,112,3,9
1401,2542,108,6,6
1402,2899,139,0,10
1403,3393,149,0,10
1404,2285,100,1,10
1405,2496,107,0,10
1406,2922,115,2,10
1407,2149,89,1,10
1408,2279,100,1,10
1409,1607,88,5,6
1410,2473,124,3,10
1411,2157,80,5,7
1412,2312,108,4,9
1413,2177,102,2,10
1414,1244,41,1,9
1415,2217,94,1,10
1416,2050,119,3,10
1417,1298,58,2,9
1418,2137,85,3,10
1419,1740,71,5,3
1420,1975,84,1,10
1421,1673,71,1,10
1422,2542,129,3,10
1423,1655,51,1,10
1424,2167,93,4,7
1425,2625,143,1,10
1426,1858,85,1,10
1427,1962,111,2,10
1428,1854,68,4,7
1429,1606,51,2,10
1430,1924,115,3,10
1431,2771,129,2,10
1432,2634,131,3,10
1433,1620,65,1,10
1434,2589,112,2,10
1435,2145,115,2,10
1436,2130,76,3,6
1437,2764,126,2,10
1438,2385,126,2,10
1439,2037,86,2,10
1440,1787,98,1,10
1441,1867,75,0,10
1442,1948,98,0,10
1443,958,38,2,9
1444,2154,68,3,7
1445,2196,118,2,10
1446,3137,145,4,10
1447,2672,127,3,8
1448,1600,86,1,10
1449,2712,130,1,10
1450,2946,131,4,8
1451,1841,81,1,10
1452,2282,91,0,10
1453,2256,134,1,10
1454,2548,100,0,10
1455,2763,105,1,10
1456,2039,93,2,10
1457,2592,115,2,10
1458,1432,80,1,10
1459,2272,87,1,10
1460,2324,120,3,10
1461,2730,106,1,10
1462,1946,53,1,9
1463,2144,118,5,7
1464,2495,101,2,9
1465,2193,99,1,10
1466,2246,113,2,10
1467,1998,99,1,10
1468,2498,87,1,10
1469,2609,82,2,10
1470,2033,89,5,8
1471,2339,138,3,10
1472,2967,116,2,10
1473,1363,57,0,10
1474,2541,135,3,10
1475,1367,67,1,10
1476,2485,132,1,10
1477,2544,131,2,10
1478,1521,82,4,9
1479,2484,102,1,10
1480,1734,67,1,10
1481,3150,130,3,10
1482,1880,65,1,10
1483,2819,113,2,10
1484,2064,75,0,10
1485,2164,100,1,10
1486,2287,106,3,10
1487,2594,108,3,8
1488,1727,84,0,10
1489,1814,72,2,10
1490,2466,131,2,10
1491,2294,105,2,10
1492,2091,83,2,10
1493,2115,77,2,9
1494,2337,113,2,10
1495,2429,120,1,10
1496,1813,91,2,10
1497,2751,135,1,10
1498,2747,119,3,9
1499,2636,126,2,10
1500,2613,115,2,10
1501,2163,81,2,10
1502,2379,87,3,9
1503,1603,57,1,10
1504,1894,54,3,8
1505,2228,73,5,6
1506,1506,70,0,10
1507,1505,39,2,8
1508,2229,83,4,8
1509,3437,140,3,10
1510,1599,84,0,10
1511,2775,154,4,10
1512,1867,82,0,10
1513,1947,72,0,10
1514,2416,101,6,7
1515,2844,144,2,10
1516,2675,134,2,10
1517,2348,124,2,10
1518,2413,126,1,10
1519,1190,42,3,6
1520,2987,111,1,10
1521,2748,97,2,10
1522,2051,84,5,6
1523,2817,118,3,10
1524,1680,87,4,8
1525,1793,84,2,9
1526,2047,79,3,8
1527,2599,121,0,10
1528,2270,91,2,10
1529,1182,79,2,10
1530,2613,119,3,10
1531,1558,82,2,10
1532,2246,103,3,10
1533,2407,95,2,10
1534,2375,99,5,8
1535,2306,110,4,7
1536,2397,109,1,10
1537,2820,136,1,10
1538,2446,112,3,10
1539,2614,120,1,10
1540,2590,127,1,10
1541,1984,63,3,6
1542,1995,82,4,6
1543,2132,104,1,10
1544,2474,93,2,10
1545,2187,99,4,9
1546,2107,99,3,10
1547,2783,99,2,10
1548,2921,147,4,9
1549,2146,106,3,10
1550,1536,77,5,6
1551,1463,55,2,9
1552,2323,124,3,10
1553,2652,89,0,10
1554,1520,72,1,10
1555,1481,54,4,5
1556,2176,124,1,10
1557,2326,96,0,10
1558,2699,125,4,9
1559,2188,87,4,9
1560,2295,91,0,10
1561,1778,97,1,10
1562,2253,105,1,10
1563,2479,91,1,10
1564,2083,120,1,10
1565,2029,106,1,10
1566,2279,109,2,10
1567,2046,60,1,10
1568,3008,151,1,10
1569,2323,108,2,10
1570,2756,134,0,10
1571,1792,98,2,8
1572,2741,92,1,10
1573,2709,103,3,10
1574,2189,137,3,10
1575,3208,121,3,9
1576,2453,124,2,10
1577,2525,118,1,10
1578,2554,112,0,10
1579,2338,91,2,10
1580,2754,113,4,8
1581,2644,118,3,10
1582,2253,92,0,10
1583,1901,90,2,10
1584,2166,81,4,8
1585,2015,81,2,9
1586,1896,79,2,9
1587,2591,118,2,10
1588,1458,73,3,8
1589,1903,77,1,10
1590,2221,117,3,10
1591,2037,90,1,10
1592,2427,106,1,10
1593,1977,110,1,10
1594,2792,129,3,10
1595,2181,97,1,10
1596,2617,119,0,10
1597,2180,70,3,9
1598,2235,91,2,10
1599,1334,39,4,5
1600,2476,95,2,10
1601,1852,105,2,10
1602,2191,87,0,10
1603,3044,164,3,10
1604,1453,52,0,10
1605,2405,113,2,10
1606,3133,146,1,10
1607,2185,100,1,10
1608,2120,91,2,10
1609,2529,93,2,10
1610,2249,120,1,10
1611,1396,97,1,10
1612,2841,100,0,10
1613,3040,120,1,10
1614,2518,114,3,10
1615,2228,78,3,8
1616,2319,103,2,9
1617,2083,89,1,10
1618,2906,104,2,10
1619,2620,99,3,9
1620,2362,109,3,10
1621,2307,117,5,8
1622,2682,115,4,9
1623,2187,119,2,10
1624,2306,103,3,10
1625,2001,83,1,10
1626,1370,62,5,5
1627,2583,126,2,10
1628,2202,107,2,10
1629,2208,104,2,10
1630,1877,96,0,10
1631,2182,111,2,10
1632,2641,111,1,10
1633,2170,85,2,10
1634,1878,99,0,10
1635,1849,70,2,8
1636,2354,121,3,10
1637,2117,98,3,10
1638,2769,138,1,10
1639,1746,63,0,10
1640,2759,115,3,9
1641,2125,86,0,10
1642,2210,78,1,10
1643,2258,97,3,10
1644,2809,113,1,10
1645,3120,125,5,7
1646,2156,89,2,10
1647,1391,85,3,8
1648,2223,111,1,10
1649,2465,77,3,8
1650,1881,106,2,10
1651,2211,83,0,10
1652,2887,129,3,10
1653,1423,73,2,10
1654,1751,120,3,10
1655,2669,123,2,10
1656,3032,120,1,10
1657,2852,129,4,8
1658,1866,111,3,8
1659,1734,70,2,8
1660,2013,102,2,9
1661,2549,87,2,9
1662,1790,76,2,9
1663,2588,125,4,10
1664,2664,119,4,9
1665,2641,103,7,4
1666,2090,93,0,10
1667,2260,111,3,9
1668,2184,108,5,7
1669,1588,78,0,10
1670,2312,119,4,9
1671,1715,83,1,10
1672,2267,108,3,10
1673,1792,71,1,10
1674,1573,93,1,10
1675,1663,96,3,9
1676,2590,118,1,10
1677,1670,91,0,10
1678,2412,86,3,10
1679,1961,75,5,7
1680,2072,104,4,7
1681,2447,70,3,9
1682,2868,90,5,7
1683,1928,68,2,8
1684,2609,132,1,10
1685,2443,98,0,10
1686,1942,88,3,10
1687,2006,77,2,9
1688,2973,146,1,10
1689,1843,86,2,10
1690,2055,84,2,10
1691,1664,91,3,8
1692,1625,78,2,10
1693,1742,70,3,8
1694,2946,133,3,10
1695,2546,120,3,9
1696,2961,150,4,10
1697,1752,99,1,10
1698,2279,93,2,10
1699,2409,101,1,10
1700,1967,101,1,10
1701,1882,93,2,10
1702,2414,134,2,10
1703,3034,133,1,10
1704,1435,64,2,10
1705,1626,83,1,10
1706,1628,87,1,10
1707,2817,135,1,10
1708,1696,106,2,10
1709,2156,123,2,10
1710,1677,75,2,8
1711,2691,149,1,10
1712,2627,89,1,10
1713,2086,113,2,10
1714,2103,100,2,10
1715,2050,92,1,10
1716,2593,110,0,10
1717,2684,108,1,10
1718,1845,81,2,10
1719,3330,131,1,10
1720,2434,100,3,9
1721,3056,139,3,10
1722,2356,119,3,10
1723,2199,98,1,10
1724,1790,96,3,9
1725,1606,61,3,9
1726,1876,103,2,10
1727,2462,125,5,9
1728,2152,105,0,10
1729,2748,122,1,10
1730,1918,52,8,2
1731,2663,112,4,9
1732,2001,92,0,10
1733,1656,72,0,10
1734,2230,85,4,7
1735,2274,87,2,9
1736,1362,58,8,1
1737,2562,102,3,10
1738,2372,116,2,10
1739,2559,134,2,10
1740,2152,78,3,8
1741,2400,103,1,10
1742,2444,109,5,6
1743,2269,104,2,9
1744,1686,68,3,10
1745,2002,74,3,9
1746,2961,135,4,9
1747,2393,103,2,10
1748,2669,135,0,10
1749,2146,101,5,7
1750,2054,91,3,10
1751,1699,46,3,6
1752,1735,63,1,8
1753,2286,99,2,10
1754,2634,115,3,10
1755,1896,121,0,10
1756,1780,82,1,10
1757,2324,107,1,10
1758,1883,84,0,10
1759,2082,94,4,5
1760,1637,62,3,9
1761,1885,80,3,9
1762,3097,104,3,9
1763,2597,104,0,10
1764,2155,94,0,10
1765,1978,118,0,10
1766,2733,124,1,10
1767,1563,77,3,7
1768,3042,118,2,10
1769,2529,106,1,10
1770,2311,111,2,10
1771,1704,65,0,10
1772,2291,99,0,10
1773,2423,129,1,10
1774,2528,107,2,10
1775,2398,113,4,9
1776,1691,55,5,4
1777,2259,95,1,10
1778,1530,59,3,7
1779,1941,101,1,10
1780,2125,107,1,10
1781,2032,99,3,7
1782,1848,89,3,8
1783,2053,113,2,10
1784,2459,78,0,10
1785,1833,116,1,10
1786,2700,112,1,10
1787,2686,163,2,10
1788,2375,99,1,10
1789,2030,103,4,8
1790,1528,92,2,10
1791,1147,56,3,9
1792,2077,68,2,9
1793,2678,108,1,10
1794,2009,88,1,10
1795,2546,90,2,10
1796,2775,111,2,10
1797,2587,106,3,10
1798,2559,99,5,7
1799,1501,81,2,10
1800,2581,117,0,10
1801,2615,118,1,10
1802,1844,92,1,10
1803,2357,116,2,10
1804,2060,91,3,10
1805,1878,64,4,7
1806,1706,68,5,5
1807,2481,93,5,7
1808,1572,65,1,10
1809,3073,126,0,10
1810,1905,100,4,8
1811,2348,113,2,10
1812,1738,89,1,10
1813,2078,41,4,5
1814,2162,96,2,9
1815,2175,77,1,10
1816,1879,96,2,10
1817,2604,121,3,10
1818,2154,45,0,10
1819,1843,92,4,7
1820,2351,99,2,10
1821,2433,134,5,9
1822,2487,90,0,10
1823,2471,121,0,10
1824,2089,108,0,10
1825,2519,89,1,10
1826,1758,109,2,10
1827,1812,57,2,8
1828,2666,104,6,7
1829,2462,117,3,9
1830,2100,91,2,10
1831,1678,83,3,9
1832,2319,99,2,9
1833,2098,79,3,8
1834,2122,111,1,10
1835,2192,78,3,10
1836,1781,90,4,8
1837,2402,114,5,7
1838,2285,100,1,10
1839,2093,67,2,10
1840,1887,75,0,10
1841,3126,139,1,10
1842,1979,114,1,10
1843,1521,96,3,10
1844,2821,142,3,10
1845,2787,122,3,8
1846,1791,94,2,10
1847,2866,133,5,9
1848,3002,129,3,10
1849,2040,109,0,10
1850,2055,89,1,10
1851,2930,115,2,10
1852,2651,116,1,10
1853,2660,109,2,10
1854,2918,114,3,10
1855,1894,79,2,10
1856,1703,51,5,6
1857,2404,110,4,7
1858,1781,94,1,10
1859,2572,117,1,10
1860,2824,136,1,10
1861,2182,86,3,10
1862,2217,75,3,8
1863,2217,78,2,10
1864,2220,94,1,10
1865,1353,68,3,7
1866,1792,80,3,7
1867,2149,99,3,9
1868,3362,146,1,10
1869,2941,125,1,10
1870,2343,92,1,10
1871,2706,100,5,7
1872,1442,50,2,5
1873,2482,133,2,10
1874,1900,106,2,10
1875,2149,98,2,10
1876,2121,120,4,9
1877,2101,96,0,10
1878,1887,117,1,10
1879,1706,89,1,10
1880,1749,91,6,4
1881,2735,144,4,9
1882,1667,88,2,10
1883,2273,114,3,10
1884,1690,84,3,6
1885,1551,87,1,10
1886,1934,95,1,10
1887,2484,123,3,10
1888,1637,70,2,8
1889,1586,48,2,9
1890,1946,90,2,10
1891,2890,115,3,10
1892,2813,130,3,8
1893,2819,116,2,10
1894,2104,76,4,6
1895,2767,107,3,10
1896,1726,75,1,10
1897,1705,94,2,10
1898,1944,100,0,10
1899,1814,85,1,10
1900,2207,69,3,8
1901,1629,92,3,10
1902,2262,114,3,9
1903,2923,128,4,9
1904,2615,118,2,10
1905,2219,110,2,10
1906,2327,133,1,10
1907,1980,101,1,10
1908,2094,75,2,10
1909,2049,107,1,10
1910,2191,121,6,6
1911,2342,106,0,10
1912,1617,96,1,10
1913,2671,111,1,10
1914,2935,137,1,10
1915,1106,73,2,10
1916,2377,106,3,9
1917,1549,47,3,6
1918,3113,136,1,10
1919,1979,73,2,10
1920,2455,120,2,10
1921,1624,81,3,8
1922,1543,86,2,10
1923,2604,96,4,7
1924,2366,95,4,9
1925,2579,123,4,9
1926,2214,99,4,9
1927,1851,86,2,10
1928,2305,122,3,10
1929,2083,103,1,10
1930,2135,92,4,8
1931,2386,93,2,9
1932,2416,101,1,10
1933,2554,126,0,10
1934,1420,87,3,8
1935,2025,74,1,10
1936,1913,75,2,10
1937,2101,148,3,10
1938,2242,120,3,9
1939,1682,64,3,7
1940,1825,104,4,9
1941,2803,107,1,10
1942,2964,118,3,10
1943,2120,71,6,5
1944,2511,123,3,10
1945,2551,86,0,10
1946,1902,85,4,10
1947,1665,94,1,10
1948,2555,112,1,10
1949,1932,89,1,10
1950,1915,99,1,10
1951,2435,112,1,10
1952,2491,123,2,10
1953,2410,114,1,10
1954,1572,69,2,8
1955,1215,57,1,10
1956,2253,100,1,10
1957,2886,116,0,10
1958,1850,77,1,10
1959,2701,147,1,10
1960,2051,69,0,10
1961,1977,85,3,10
1962,2414,83,4,6
1963,2525,132,3,8
1964,2407,101,1,10
1965,2202,105,3,9
1966,1927,80,2,9
1967,2036,99,4,8
1968,2478,120,2,10
1969,2155,92,3,9
1970,2297,120,3,10
1971,2830,91,3,8
1972,2410,108,2,10
1973,2957,120,0,10
1974,2032,75,2,10
1975,3234,137,2,10
1976,2043,101,2,10
1977,2442,99,3,8
1978,2412,136,3,10
1979,1626,72,2,9
1980,2243,71,4,7
1981,3166,144,4,10
1982,2086,94,0,10
1983,1772,72,1,10
1984,2700,116,3,10
1985,2191,77,1,10
1986,2620,128,0,10
1987,2141,114,1,10
1988,1990,94,3,10
1989,1478,67,2,10
1990,1556,65,2,7
1991,2334,97,3,9
1992,1726,60,3,8
1993,1713,91,2,10
1994,2428,106,1,10
1995,2559,101,4,8
1996,1581,67,4,6
1997,1993,96,4,6
1998,1866,76,3,6
1999,2867,133,0,10
2000,2397,105,0,10
2001,2372,111,1,10
2002,2602,113,2,10
2003,1591,89,3,9
2004,1985,94,1,10
2005,1315,42,4,7
2006,2247,120,1,10
2007,2078,91,0,10
2008,1663,52,3,7
2009,1744,114,1,10
2010,2336,102,2,10
2011,2613,126,4,10
2012,2117,78,3,8
2013,2794,122,1,10
2014,2026,106,1,10
2015,1957,105,1,10
2016,2544,130,3,10
2017,2220,89,1,10
2018,2166,104,4,9
2019,2435,89,1,10
2020,2746,100,2,10
2021,2298,100,2,10
2022,2323,96,3,9
2023,2665,115,3,10
2024,2072,89,1,10
2025,2201,89,0,10
2026,2114,98,3,9
2027,2360,119,4,8
2028,1167,67,2,9
2029,2554,121,2,10
2030,2343,81,1,10
2031,2146,95,5,5
2032,2063,83,4,8
2033,2924,146,1,10
2034,2912,123,4,8
2035,3028,167,4,10
2036,2863,129,6,6
2037,2225,111,2,10
2038,2474,99,0,10
2039,2476,120,3,9
2040,2360,93,3,9
2041,1776,92,0,10
2042,2382,107,4,10
2043,1997,51,4,5
2044,2948,125,4,10
2045,1915,88,2,10
2046,2550,103,3,10
2047,1631,82,2,10
2048,2397,95,1,10
2049,1866,101,3,10
2050,2106,100,0,10
2051,2736,126,3,10
2052,2609,102,3,7
2053,2608,130,1,10
2054,2391,112,2,10
2055,1931,106,4,8
2056,2359,95,4,8
2057,1437,62,1,10
2058,2540,119,1,10
2059,1971,88,2,10
2060,2083,88,2,10
2061,2066,68,1,10
2062,2645,125,1,10
2063,2250,96,2,10
2064,1970,84,1,10
2065,1524,56,0,10
2066,2761,130,1,10
2067,2467,104,2,10
2068,2562,134,3,10
2069,1702,77,1,10
2070,1557,81,1,10
2071,1934,100,1,10
2072,1763,64,5,7
2073,1862,93,1,10
2074,2594,92,2,10
2075,1282,64,6,3
2076,1596,67,4,7
2077,3173,134,2,10
2078,2276,93,3,9
2079,1879,84,5,5
2080,1733,82,2,10
2081,2165,69,3,8
2082,2246,117,0,10
2083,2636,116,2,10
2084,1789,73,0,10
2085,2308,105,2,10
2086,1549,74,1,10
2087,1873,113,4,9
2088,1488,75,4,6
2089,1956,84,4,9
2090,2520,107,5,9
2091,2291,91,5,7
2092,2587,124,6,7
2093,1867,108,5,7
2094,2238,111,3,8
2095,2028,93,2,9
2096,1966,89,5,8
2097,2183,112,4,8
2098,3625,163,2,10
2099,1846,85,1,10
2100,1985,75,4,7
2101,2219,102,0,10
2102,2350,110,4,8
2103,2506,94,2,10
2104,1900,48,1,10
2105,1543,63,2,9
2106,2136,93,1,10
2107,2610,132,2,10
2108,2606,108,0,10
2109,945,64,2,9
2110,1904,81,1,10
2111,2121,67,1,10
2112,2531,87,3,9
2113,2534,118,5,9
2114,1830,88,3,9
2115,2798,124,2,10
2116,2118,90,2,10
2117,2287,98,2,10
2118,2451,135,3,10
2119,2078,92,4,8
2120,2724,105,3,10
2121,1987,108,2,10
2122,2402,114,1,10
2123,2216,108,0,10
2124,2085,100,0,10
2125,1728,90,3,9
2126,3124,115,2,10
2127,1929,72,6,6
2128,1476,52,1,10
2129,2102,71,6,4
2130,1962,89,2,10
2131,2579,84,0,10
2132,2541,100,4,8
2133,1499,65,0,10
2134,2239,93,0,10
2135,1799,66,3,8
2136,1582,81,0,10
2137,1356,87,2,10
2138,2114,83,4,7
2139,2134,77,2,9
2140,1399,58,3,7
2141,2810,150,1,10
2142,1821,92,4,8
2143,1557,74,4,6
2144,2363,105,1,10
2145,772,57,2,10
2146,1625,69,2,10
2147,2709,119,1,10
2148,2544,123,2,10
2149,1747,92,2,10
2150,2791,135,2,10
2151,2167,105,3,10
2152,2128,88,4,7
2153,2081,86,1,10
2154,2783,102,1,10
2155,2611,110,6,6
2156,2874,141,0,10
2157,2710,138,2,10
2158,2563,109,2,10
2159,2056,77,4,7
2160,2382,98,3,9
2161,2210,84,2,10
2162,1919,67,1,10
2163,2733,93,2,10
2164,2059,82,3,8
2165,2032,70,5,5
2166,1821,63,2,10
2167,1565,74,3,9
2168,2114,93,2,9
2169,2503,131,3,10
2170,1378,86,3,9
2171,2460,120,0,10
2172,1850,97,3,8
2173,2340,103,1,10
2174,1936,96,4,10
2175,2687,121,1,10
2176,2983,138,3,10
2177,1692,66,0,10
2178,2587,115,5,9
2179,2007,100,3,8
2180,2242,85,3,8
2181,2529,114,2,10
2182,1586,95,4,7
2183,2030,101,2,10
2184,2180,94,1,10
2185,2725,132,4,9
2186,2345,113,1,10
2187,2059,90,2,10
2188,2101,69,2,10
2189,3177,143,0,10
2190,2468,113,2,10
2191,2391,102,0,10
2192,2789,91,3,10
2193,2975,140,4,9
2194,1993,77,0,10
2195,2653,123,2,10
2196,2696,132,1,10
2197,2055,85,1,10
2198,2457,100,2,10
2199,2018,110,3,9
2200,1983,48,2,8
2201,1671,66,1,10
2202,2043,66,2,10
2203,2096,65,1,10
2204,2626,131,1,10
2205,1696,97,3,8
2206,3448,138,2,10
2207,2509,122,2,10
2208,2007,78,3,8
2209,2160,83,3,9
2210,1135,66,2,8
2211,1495,59,1,10
2212,1642,81,2,9
2213,2257,83,0,10
2214,1376,59,0,10
2215,1394,64,2,9
2216,2354,85,2,9
2217,2742,121,2,10
2218,2617,125,1,10
2219,2389,114,5,6
2220,1826,78,6,4
2221,1685,70,3,8
2222,2788,119,3,10
2223,1677,66,1,10
2224,2274,109,3,10
2225,1290,73,3,8
2226,1953,99,1,10
2227,1595,109,2,10
2228,2237,121,1,10
2229,2439,101,4,8
2230,1414,64,4,5
2231,2188,95,1,10
2232,2323,98,3,10
2233,1724,85,4,7
2234,1975,87,3,9
2235,2643,138,1,10
2236,2953,140,3,10
2237,1985,81,3,9
2238,2237,93,1,10
2239,2394,107,3,10
2240,2964,126,8,6
2241,2229,119,3,10
2242,1907,83,3,8
2243,1860,101,2,10
2244,2365,120,2,10
2245,1736,105,1,10
2246,2442,110,2,10
2247,1884,65,2,9
2248,2662,131,1,10
2249,2468,110,0,10
2250,2147,101,3,9
2251,2301,113,1,10
2252,1537,67,3,7
2253,1862,99,6,6
2254,1659,75,2,10
2255,2010,70,3,8
2256,1880,98,6,5
2257,2709,121,2,10
2258,2798,126,6,7
2259,919,31,2,8
2260,2335,89,3,10
2261,3365,147,1,10
2262,1413,84,3,9
2263,2705,99,3,10
2264,2634,97,5,8
2265,2064,105,2,10
2266,2583,122,2,10
2267,1966,65,0,10
2268,1671,92,2,10
2269,3575,123,3,9
2270,2123,82,4,8
2271,2088,103,7,4
2272,2309,105,4,9
2273,2385,115,0,10
2274,2983,133,0,10
2275,2665,117,2,10
2276,2152,98,1,10
2277,2775,129,0,10
2278,2287,101,3,10
2279,1883,103,2,10
2280,2699,123,4,9
2281,1620,67,0,10
2282,2879,114,2,10
2283,2614,111,0,10
2284,2102,101,3,9
2285,2483,130,2,10
2286,2089,79,0,10
2287,2471,121,1,10
2288,1596,71,2,8
2289,2170,103,2,10
2290,1824,63,2,8
2291,3270,139,2,10
2292,2288,62,2,9
2293,2210,98,2,10
2294,2200,126,1,10
2295,1892,79,0,10
2296,2493,114,3,10
2297,2378,115,0,10
2298,1706,73,5,6
2299,2080,63,1,9
2300,1681,69,5,5
2301,2285,80,1,10
2302,2269,81,1,10
2303,2345,116,2,10
2304,1847,73,1,10
2305,2338,104,3,10
2306,1351,54,3,6
2307,2217,89,0,10
2308,1890,86,1,10
2309,2378,105,1,10
2310,2523,108,5,6
2311,1885,78,4,9
2312,2829,130,1,10
2313,1110,53,4,7
2314,1786,78,4,7
2315,1837,59,2,8
2316,2435,87,1,10
2317,2307,78,6,4
2318,1904,77,0,10
2319,2003,59,2,8
2320,2413,99,2,10
2321,1771,76,1,10
2322,2714,106,2,9
2323,1771,79,1,10
2324,1965,108,3,10
2325,2471,104,2,10
2326,3060,150,2,10
2327,1736,87,1,10
2328,2248,90,2,10
2329,1939,97,2,10
2330,1495,84,1,10
2331,2679,140,1,10
2332,3077,124,3,10
2333,3062,151,3,10
2334,2253,107,2,10
2335,3114,149,2,10
2336,2623,118,2,10
2337,1732,98,3,10
2338,1654,63,3,6
2339,1845,97,3,8
2340,1467,35,2,8
2341,2136,109,2,9
2342,1796,80,5,5
2343,2245,98,0,10
2344,2150,109,1,10
2345,2933,155,1,10
2346,2324,71,3,9
2347,1916,80,1,10
2348,1670,102,0,10
2349,1648,74,2,9
2350,2962,119,1,10
2351,2299,96,1,10
2352,1276,73,3,6
2353,2459,137,3,10
2354,3062,139,2,10
2355,1980,88,0,10
2356,2467,110,3,9
2357,2271,79,2,10
2358,2496,132,1,10
2359,2952,124,3,9
2360,1561,64,5,5
2361,2210,85,2,10
2362,1652,96,1,10
2363,1852,97,2,10
2364,2181,78,1,10
2365,2018,88,4,9
2366,3193,142,4,9
2367,2612,143,0,10
2368,1722,79,3,8
2369,2714,92,1,10
2370,2573,97,5,7
2371,2484,107,3,9
2372,2367,119,2,10
2373,2226,111,0,10
2374,1771,91,2,10
2375,1855,84,1,10
2376,2461,115,3,10
2377,2558,118,2,10
2378,2214,81,1,10
2379,2072,92,1,9
2380,1865,76,0,10
2381,2965,134,5,9
2382,2189,104,4,9
2383,2019,91,4,10
2384,3250,129,1,10
2385,1741,78,7,4
2386,1996,93,1,10
2387,969,41,2,10
2388,1995,115,1,10
2389,3300,130,2,10
2390,3225,114,1,10
2391,2352,93,0,10
2392,2241,85,2,10
2393,1906,75,4,7
2394,1728,58,3,7
2395,2748,115,2,10
2396,1935,107,3,9
2397,1962,103,4,9
2398,1717,69,7,2
2399,2479,106,4,9
2400,2326,112,1,10
2401,2043,81,4,7
2402,2554,108,1,10
2403,2248,83,3,8
2404,1887,82,0,10
2405,2475,118,0,10
2406,2638,98,4,9
2407,1326,91,2,10
2408,2003,90,4,9
2409,1537,46,0,10
2410,3059,145,0,10
2411,1649,66,0,10
2412,2413,92,0,10
2413,2217,98,6,5
2414,2811,98,3,10
2415,2789,117,1,10
2416,2389,123,4,10
2417,1878,84,2,9
2418,1618,44,0,10
2419,2135,89,3,8
2420,1726,77,2,10
2421,1829,64,0,10
2422,3043,114,2,10
2423,2641,103,4,8
2424,2591,122,1,10
2425,995,26,1,10
2426,1636,92,4,9
2427,2277,124,3,10
2428,2139,106,11,1
2429,2050,95,5,6
2430,1906,79,4,7
2431,2713,95,3,9
2432,1829,78,2,10
2433,2347,123,2,10
2434,1533,65,4,7
2435,2598,138,3,10
2436,1855,89,2,10
2437,1571,77,1,10
2438,1605,85,1,10
2439,2447,100,3,10
2440,2935,120,3,10
2441,1616,69,2,9
2442,2243,97,2,10
2443,2265,98,3,9
2444,1058,68,2,9
2445,2196,97,1,10
2446,1711,75,2,9
2447,2091,93,1,10
2448,1901,45,1,10
2449,2746,110,0,10
2450,2493,103,3,10
2451,2324,110,6,4
2452,1387,69,4,6
2453,2457,116,3,9
2454,2438,119,2,10
2455,2301,112,0,10
2456,2548,109,3,10
2457,2573,116,3,10
2458,2497,119,3,10
2459,3151,159,2,10
2460,1429,56,1,10
2461,2335,74,2,9
2462,3307,154,2,10
2463,2616,94,3,9
2464,2086,97,1,10
2465,2731,129,4,9
2466,1952,92,3,10
2467,2558,82,2,8
2468,1863,90,3,9
2469,2196,99,5,5
2470,2506,116,1,10
2471,1504,33,2,9
2472,2517,119,2,10
2473,2825,119,2,10
2474,2210,144,1,10
2475,1924,77,4,7
2476,2638,132,1,10
2477,2593,124,2,9
2478,2427,110,3,10
2479,2525,127,2,10
2480,1802,62,4,7
2481,2345,83,1,10
2482,2105,132,2,10
2483,2327,108,0,10
2484,1726,56,0,10
2485,2532,114,3,9
2486,2613,109,3,8
2487,1877,79,3,8
2488,2519,107,1,10
2489,2483,108,2,10
2490,2247,73,2,7
2491,1436,56,1,10
2492,2572,111,2,10
2493,2323,120,5,9
2494,2243,83,2,10
2495,3019,105,3,10
2496,2507,101,1,10
2497,2529,106,0,10
2498,1840,69,3,7
2499,1409,60,1,9
2500,1996,111,4,9
2501,2713,144,1,10
2502,2358,103,0,10
2503,2949,124,2,10
2504,1745,95,5,8
2505,2761,120,0,10
2506,1496,97,1,10
2507,2278,108,3,10
2508,1277,51,0,10
2509,1435,83,2,9
2510,2267,105,2,9
2511,1565,86,4,7
2512,1826,99,0,10
2513,2455,93,9,2
2514,2185,103,3,9
2515,1954,100,0,10
2516,2765,142,6,7
2517,1686,101,4,8
2518,2587,120,1,10
2519,1721,84,3,9
2520,2581,105,1,10
2521,1849,81,3,8
2522,2593,117,2,10
2523,1803,92,1,10
2524,2022,96,1,10
2525,2166,102,0,10
2526,1623,65,4,7
2527,2113,77,1,9
2528,3006,140,4,10
2529,1620,81,1,10
2530,2647,114,2,10
2531,1256,52,2,7
2532,2541,108,1,10
2533,3200,142,2,10
2534,2106,97,3,10
2535,2135,90,1,10
2536,1459,47,9,1
2537,1495,80,5,8
2538,2453,104,4,8
2539,2506,125,1,10
2540,2536,95,2,9
2541,2396,86,2,10
2542,1773,98,4,7
2543,2146,72,8,1
2544,1411,48,2,9
2545,2057,74,2,7
2546,2795,101,1,10
2547,1880,101,3,9
2548,2200,83,2,9
2549,2944,113,1,10
2550,1709,77,0,10
2551,2520,111,0,10
2552,1468,85,2,10
2553,2701,114,1,10
2554,1768,74,3,8
2555,3292,128,0,10
2556,1742,52,5,4
2557,2544,117,4,8
2558,3073,136,2,10
2559,2097,71,3,8
2560,2912,119,2,10
2561,2678,88,0,10
2562,2781,106,1,10
2563,2235,88,0,10
2564,2965,137,0,10
2565,1730,100,7,5
2566,2272,96,3,9
2567,2346,99,2,10
2568,3061,138,3,10
2569,2130,101,4,7
2570,1864,51,1,10
2571,2476,113,1,10
2572,2198,97,0,10
2573,2803,119,2,10
2574,2822,122,3,9
2575,1872,78,3,10
2576,1143,34,1,8
2577,2488,120,1,10
2578,2290,133,2,10
2579,2890,102,4,7
2580,1685,47,3,7
2581,2339,101,2,10
2582,1582,69,1,10
2583,2020,100,1,10
2584,1806,81,0,10
2585,2600,116,2,10
2586,2649,133,0,10
2587,1772,93,3,9
2588,1249,70,4,6
2589,2344,95,2,10
2590,2923,141,0,10
2591,2209,106,3,9
2592,2572,111,3,10
2593,2652,104,1,10
2594,2184,107,4,9
2595,2502,113,2,10
2596,991,69,2,9
2597,1710,93,1,10
2598,2694,130,2,10
2599,2481,103,3,10
2600,2498,108,2,10
2601,2356,86,1,10
2602,2566,106,4,9
2603,2304,133,2,10
2604,1543,95,5,8
2605,2410,82,5,6
2606,1726,56,1,9
2607,1911,77,1,10
2608,2468,87,5,8
2609,1478,58,2,9
2610,2461,122,2,10
2611,1692,95,3,8
2612,2195,90,1,10
2613,2524,98,4,9
2614,2178,92,2,10
2615,2157,114,1,10
2616,2445,137,4,10
2617,2780,121,3,10
2618,2819,162,3,10
2619,2448,112,2,10
2620,3178,105,1,10
2621,1632,101,2,10
2622,2085,96,0,10
2623,1995,109,0,10
2624,2233,87,2,10
2625,2872,137,3,10
2626,1809,79,4,8
2627,2509,97,2,10
2628,1936,71,4,6
2629,1816,58,2,10
2630,1439,51,4,6
2631,2296,103,1,10
2632,1455,76,1,10
2633,2243,88,1,10
2634,2197,77,2,9
2635,2092,123,3,10
2636,1954,80,1,10
2637,2973,153,4,10
2638,1875,76,4,7
2639,2105,87,1,10
2640,2188,107,3,9
2641,2656,111,5,7
2642,2522,133,4,8
2643,1878,96,5,5
2644,2605,92,4,8
2645,2248,93,5,7
2646,2619,105,2,9
2647,1824,92,5,6
2648,2200,108,0,10
2649,2517,85,5,6
2650,2355,122,1,10
2651,2517,97,3,8
2652,2747,140,2,10
2653,2447,116,2,10
2654,2238,108,5,7
2655,2218,84,4,6
2656,2257,136,2,10
2657,1987,69,2,10
2658,1465,64,0,10
2659,1945,86,3,8
2660,1933,64,2,8
2661,1985,106,1,10
2662,2182,116,1,10
2663,2130,99,7,4
2664,2770,113,0,10
2665,2046,107,2,10
2666,2163,95,1,10
2667,2206,89,3,8
2668,1677,57,0,10
2669,1874,55,3,7
2670,2145,79,0,10
2671,2253,125,1,10
2672,2034,76,3,8
2673,1699,98,4,8
2674,2313,80,4,8
2675,2583,117,3,10
2676,2528,107,2,10
2677,2850,120,3,9
2678,2559,99,0,10
2679,2031,89,4,7
2680,2801,139,3,10
2681,3147,147,1,10
2682,1797,93,2,10
2683,1940,90,2,10
2684,2150,109,2,10
2685,2314,111,3,10
2686,2008,87,2,10
2687,1955,107,1,10
2688,1698,88,3,9
2689,2166,90,1,10
2690,1700,76,1,10
2691,2632,85,2,10
2692,2354,85,5,8
2693,2053,78,4,6
2694,2189,107,3,10
2695,2281,71,4,6
2696,1967,87,6,4
2697,2764,103,6,5
2698,2800,86,3,9
2699,2518,104,3,10
2700,2225,94,4,10
2701,2959,123,3,10
2702,2517,121,4,9
2703,2659,115,3,10
2704,1823,75,3,8
2705,1795,82,1,10
2706,2552,113,3,10
2707,2195,85,3,8
2708,2277,97,2,10
2709,1518,86,6,5
2710,1834,97,2,9
2711,2117,98,2,10
2712,2478,105,2,10
2713,2266,103,2,10
2714,2368,123,2,10
2715,2654,133,2,10
2716,2290,106,1,10
2717,2356,110,5,9
2718,2519,97,2,10
2719,2695,104,1,10
2720,2732,127,0,10
2721,2369,119,1,10
2722,2565,116,2,10
2723,2224,79,2,10
2724,2153,139,1,10
2725,1955,70,2,10
2726,2087,89,2,10
2727,1663,47,2,10
2728,2861,119,3,10
2729,2644,134,3,10
2730,2322,86,1,10
2731,1763,92,1,10
2732,2680,116,0,10
2733,2322,82,0,10
2734,1820,81,1,10
2735,2962,106,6,7
2736,2030,74,2,10
2737,2360,85,2,10
2738,2712,126,3,9
2739,1308,84,4,7
2740,1609,56,0,10
2741,2026,101,4,7
2742,2840,120,1,10
2743,2847,131,2,10
2744,2791,110,3,9
2745,1901,98,2,9
2746,2123,86,3,10
2747,2499,106,1,10
2748,1871,95,1,10
2749,2415,112,1,10
2750,2342,103,2,10
2751,2037,81,1,10
2752,2163,120,2,10
2753,2021,116,3,9
2754,2603,150,0,10
2755,2948,149,3,10
2756,2519,105,2,10
2757,2839,119,5,8
2758,2583,122,1,10
2759,3326,133,2,10
2760,2498,93,3,9
2761,1158,66,4,8
2762,2022,100,1,10
2763,2178,116,2,10
2764,1765,52,4,6
2765,2498,107,1,10
2766,2657,90,3,9
2767,2495,97,1,10
2768,1868,101,2,9
2769,2077,97,3,9
2770,2610,113,2,10
2771,2687,104,0,10
2772,3075,142,3,10
2773,2426,96,2,10
2774,2762,139,1,10
2775,1737,72,2,10
2776,2136,101,4,7
2777,1412,78,2,9
2778,1874,45,1,9
2779,2186,79,3,9
2780,2581,120,2,10
2781,2083,93,5,8
2782,1177,64,3,7
2783,2817,150,2,10
2784,2438,97,3,9
2785,1779,75,1,10
2786,1766,60,2,10
2787,2145,100,3,10
2788,2560,98,2,10
2789,2851,108,3,10
2790,2038,108,2,10
2791,1893,103,0,10
2792,1949,105,3,9
2793,2056,71,4,7
2794,2762,148,1,10
2795,1869,89,2,10
2796,2266,86,2,9
2797,1291,58,4,5
2798,2146,68,1,9
2799,3178,146,1,10
2800,2113,97,4,8
2801,2129,96,1,10
2802,1593,91,0,10
2803,1979,113,5,7
2804,2629,121,3,10
2805,2171,122,1,10
2806,1677,79,3,8
2807,1933,80,4,6
2808,2305,118,3,10
2809,2673,109,2,10
2810,1742,66,2,9
2811,2984,139,0,10
2812,2093,91,2,10
2813,2439,93,3,10
2814,2044,93,3,8
2815,2548,102,4,8
2816,2012,77,2,9
2817,1979,95,4,9
2818,1042,51,1,10
2819,1919,84,1,10
2820,2980,129,0,10
2821,1761,77,3,8
2822,1576,61,2,7
2823,2044,74,3,8
2824,2612,145,3,10
2825,2158,116,3,10
2826,2253,84,0,10
2827,2371,87,3,10
2828,2569,113,1,10
2829,1993,99,6,6
2830,2230,97,2,9
2831,2046,64,3,7
2832,2153,104,3,10
2833,1650,64,0,10
2834,2056,77,1,10
2835,2358,110,1,10
2836,2019,111,3,10
2837,1831,76,2,9
2838,1400,59,3,7
2839,2401,112,3,9
2840,2218,92,4,9
2841,2081,83,1,10
2842,2371,118,4,9
2843,2428,124,0,10
2844,2698,109,4,8
2845,1744,74,2,10
2846,2019,99,1,10
2847,2662,105,3,9
2848,1396,46,3,5
2849,2716,125,2,10
2850,1875,92,2,10
2851,1481,48,2,8
2852,2117,84,4,6
2853,2069,108,0,10
2854,2530,95,0,10
2855,2146,94,2,10
2856,1954,130,3,10
2857,1894,74,2,10
2858,2325,120,2,10
2859,2277,109,3,10
2860,2281,126,1,10
2861,2001,84,0,10
2862,2542,117,1,10
2863,2042,88,1,10
2864,2545,104,3,10
2865,2860,127,4,9
2866,2391,107,3,10
2867,1905,94,4,6
2868,2426,84,3,10
2869,2061,97,1,10
2870,2182,95,2,10
2871,1693,81,1,10
2872,2349,115,4,9
2873,2118,84,3,10
2874,2362,111,3,9
2875,1449,80,2,10
2876,2105,99,4,8
2877,1265,39,1,9
2878,2275,72,2,10
2879,2601,132,2,10
2880,2320,109,1,10
2881,1959,74,3,9
2882,2690,109,3,10
2883,2323,100,1,10
2884,1678,99,5,6
2885,2259,111,4,9
2886,1934,86,0,10
2887,1218,68,3,8
2888,1935,117,2,10
2889,2422,91,2,10
2890,1907,107,1,10
2891,1617,53,3,8
2892,1932,85,2,10
2893,1952,77,2,10
2894,1859,95,2,10
2895,2340,127,3,10
2896,1794,95,5,5
2897,2517,83,1,10
2898,2134,109,2,10
2899,2063,100,1,10
2900,1282,70,1,10
2901,1848,61,2,10
2902,2621,114,3,10
2903,2207,86,3,10
2904,1827,100,4,8
2905,2983,110,2,10
2906,2302,94,0,10
2907,2865,102,3,10
2908,2389,127,1,10
2909,2318,85,7,2
2910,2408,77,0,10
2911,1966,104,3,9
2912,2434,117,2,10
2913,2018,79,0,10
2914,1669,67,4,7
2915,2237,115,4,8
2916,1720,44,3,9
2917,1475,50,0,10
2918,2554,119,2,10
2919,2508,101,3,10
2920,2766,128,0,10
2921,1891,104,2,10
2922,1920,103,2,10
2923,2405,115,0,10
2924,1956,77,3,7
2925,1662,95,3,9
2926,1933,77,2,10
2927,1571,79,5,5
2928,2031,107,1,10
2929,3257,152,0,10
2930,1387,55,2,9
2931,1553,61,2,8
2932,3653,164,1,10
2933,2523,93,3,10
2934,2581,98,4,7
2935,1986,88,0,10
2936,2079,89,3,10
2937,2319,93,2,10
2938,2130,46,0,10
2939,2567,111,2,10
2940,1425,88,1,9
2941,1936,90,6,4
2942,2225,113,5,8
2943,1936,77,2,10
2944,2748,117,6,7
2945,2723,97,2,10
2946,2103,128,5,8
2947,2767,104,4,9
2948,1513,96,1,10
2949,1214,88,0,10
2950,2346,99,4,9
2951,1398,68,1,10
2952,2224,103,4,8
2953,2305,122,6,5
2954,1859,84,3,9
2955,2587,129,4,9
2956,2376,85,2,9
2957,2297,102,4,9
2958,2098,67,2,8
2959,1703,69,3,8
2960,2496,103,2,10
2961,2445,95,2,10
2962,2525,113,1,10
2963,2874,137,4,10
2964,2915,124,0,10
2965,2569,102,4,6
2966,3185,144,2,10
2967,2568,98,1,10
2968,2441,118,5,9
2969,2374,114,2,10
2970,2164,115,1,10
2971,2343,79,2,9
2972,2258,98,2,9
2973,2075,76,2,9
2974,2198,53,2,8
2975,2471,104,2,10
2976,1789,105,4,8
2977,2838,140,4,10
2978,2231,98,5,6
2979,2403,110,2,10
2980,2111,104,3,8
2981,2681,110,1,10
2982,2381,98,2,10
2983,2575,121,1,10
2984,2389,136,0,10
2985,3480,155,2,10
2986,1849,90,2,10
2987,2316,87,1,10
2988,1801,76,3,8
2989,2410,96,0,10
2990,2175,98,1,10
2991,2766,129,2,10
2992,1794,85,1,10
2993,2412,104,2,9
2994,1949,73,3,9
2995,1626,55,1,10
2996,1472,94,4,7
2997,1180,56,3,9
2998,2573,108,2,10
2999,1688,79,3,8
3000,3590,142,0,10
3001,2294,111,3,10
3002,1990,59,0,10
3003,1754,58,1,9
3004,2757,114,2,10
3005,2454,115,1,10
3006,1774,83,0,10
3007,2403,132,2,10
3008,1972,102,2,10
3009,1959,107,2,10
3010,2212,90,4,7
3011,2485,108,3,10
3012,2101,87,1,10
3013,2621,109,2,10
3014,2360,107,0,10
3015,2579,101,3,8
3016,2674,128,0,10
3017,2224,97,1,10
3018,1885,74,5,7
3019,2519,102,2,10
3020,1191,55,1,10
3021,2249,107,1,9
3022,2184,99,0,10
3023,2511,120,3,9
3024,1756,85,1,10
3025,2350,117,3,10
3026,2674,132,2,10
3027,2287,83,0,10
3028,2863,108,2,10
3029,3106,150,3,10
3030,2120,98,1,10
3031,2465,142,2,10
3032,2057,90,2,10
3033,2016,104,5,9
3034,2125,94,1,10
3035,2423,111,1,10
3036,2309,88,0,10
3037,1601,68,5,5
3038,1915,92,2,10
3039,2716,116,2,10
3040,2150,97,3,10
3041,2577,128,2,10
3042,3217,141,9,3
3043,2195,84,2,10
3044,2480,95,0,10
3045,1893,98,4,9
3046,1767,71,1,9
3047,1036,55,0,10
3048,2007,78,2,10
3049,1354,63,6,2
3050,1709,74,2,9
3051,2840,133,0,10
3052,2454,116,2,10
3053,2692,103,1,10
3054,2277,111,3,9
3055,1628,89,1,10
3056,1504,86,3,10
3057,2318,109,1,10
3058,2418,120,2,10
3059,2612,121,3,10
3060,1325,68,4,7
3061,2253,66,2,7
3062,1802,72,2,10
3063,2529,101,4,9
3064,2713,106,3,10
3065,1563,56,2,9
3066,2335,105,1,10
3067,1977,81,0,10
3068,2294,109,2,10
3069,2028,76,1,10
3070,1887,80,3,8
3071,1826,88,2,10
3072,1785,87,2,10
3073,1918,73,2,10
3074,2122,67,4,7
3075,3087,118,3,10
3076,1798,108,3,10
3077,1922,73,1,10
3078,2275,100,3,9
3079,1947,104,3,10
3080,1234,64,1,9
3081,2329,127,2,10
3082,1808,78,0,10
3083,2366,119,3,9
3084,2713,93,2,10
3085,2288,86,2,10
3086,2274,99,3,10
3087,1196,98,1,10
3088,2183,88,5,6
3089,1942,116,3,9
3090,2105,106,2,10
3091,1843,83,1,9
3092,1906,86,2,9
3093,1714,105,2,10
3094,2394,91,6,4
3095,2654,131,2,10
3096,2793,109,2,10
3097,2041,81,1,10
3098,2192,110,4,8
3099,1800,76,3,5
3100,2069,94,1,10
3101,2380,81,3,8
3102,2355,101,1,10
3103,2187,100,2,10
3104,1931,111,3,10
3105,1819,65,3,8
3106,2691,139,1,10
3107,2778,115,4,8
3108,2269,103,1,10
3109,1715,67,1,10
3110,2086,74,2,10
3111,2118,117,2,10
3112,2524,108,1,10
3113,2743,137,1,10
3114,1482,58,1,10
3115,1564,102,3,9
3116,2758,130,1,10
3117,3031,111,5,9
3118,1922,99,2,10
3119,1684,75,1,10
3120,2835,117,3,10
3121,2511,84,4,8
3122,2154,80,1,10
3123,1806,100,2,10
3124,2760,117,3,10
3125,1109,55,5,6
3126,3374,116,1,10
3127,1853,89,1,10
3128,2454,95,3,10
3129,2699,147,2,10
3130,1640,89,4,7
3131,2471,104,5,7
3132,2562,128,2,10
3133,2272,104,4,8
3134,1389,52,1,10
3135,2025,84,0,10
3136,1329,72,1,10
3137,1935,77,4,8
3138,2268,98,2,10
3139,2227,70,1,10
3140,2457,102,4,8
3141,1727,63,1,10
3142,990,74,6,5
3143,2116,81,1,10
3144,2327,111,4,10
3145,2445,99,1,10
3146,3028,152,2,10
3147,1934,65,5,5
3148,2401,105,3,9
3149,2430,95,2,10
3150,2684,132,3,10
3151,2171,93,4,5
3152,2887,138,2,10
3153,2426,62,1,10
3154,2466,93,3,7
3155,2314,125,1,10
3156,2016,116,2,10
3157,2283,83,2,9
3158,2225,103,1,10
3159,2913,133,1,10
3160,2622,89,0,10
3161,2132,78,4,9
3162,2024,69,1,10
3163,1554,79,6,5
3164,2624,130,4,10
3165,2704,111,5,9
3166,2099,117,3,10
3167,767,34,3,8
3168,2368,114,3,10
3169,1934,93,1,10
3170,2272,92,4,8
3171,2090,93,3,8
3172,2471,84,3,10
3173,2614,125,0,10
3174,2214,81,3,8
3175,1886,118,1,10
3176,2375,134,0,10
3177,2568,83,2,9
3178,2941,118,1,10
3179,3065,141,2,10
3180,2054,87,0,10
3181,1769,76,4,7
3182,2607,120,5,8
3183,1986,90,0,10
3184,2268,121,1,10
3185,2443,100,2,10
3186,2113,108,3,10
3187,2716,98,2,9
3188,2139,92,5,5
3189,2135,93,3,8
3190,1681,83,2,10
3191,1494,93,2,10
3192,2613,96,3,8
3193,2204,62,2,10
3194,2384,94,3,8
3195,2610,116,2,10
3196,1640,72,2,10
3197,1995,71,4,7
3198,2604,128,5,7
3199,2491,114,2,10
3200,2169,75,1,10
3201,2072,108,1,10
3202,2050,97,4,8
3203,2510,94,1,10
3204,3469,141,3,10
3205,1822,80,1,10
3206,3139,127,3,10
3207,1633,83,2,10
3208,1533,67,3,8
3209,1707,85,3,6
3210,3093,150,4,10
3211,1398,57,3,9
3212,1842,108,5,8
3213,2034,89,1,10
3214,2360,124,1,10
3215,2361,114,2,10
3216,2236,114,2,10
3217,2041,82,4,7
3218,1614,64,3,8
3219,1959,89,4,7
3220,2959,119,2,10
3221,2634,130,2,10
3222,2571,110,2,10
3223,1332,76,2,10
3224,2243,106,1,10
3225,1877,71,2,9
3226,2589,148,6,8
3227,1908,91,3,8
3228,1825,88,1,10
3229,1850,88,5,6
3230,1632,68,4,8
3231,2575,127,3,9
3232,2145,102,1,10
3233,2142,101,1,10
3234,1785,79,1,10
3235,2498,106,1,10
3236,1688,84,2,10
3237,2108,90,2,10
3238,2933,146,1,10
3239,2698,137,6,9
3240,3298,159,3,10
3241,2342,100,3,9
3242,2160,89,2,10
3243,2594,114,5,8
3244,1821,109,2,10
3245,3111,106,2,10
3246,2929,127,0,10
3247,2124,80,1,10
3248,1639,93,2,10
3249,3091,160,0,10
3250,2166,102,0,10
3251,1552,50,3,8
3252,2459,118,2,10
3253,2670,86,1,10
3254,3129,148,3,10
3255,2666,116,2,10
3256,2769,149,1,10
3257,2205,70,3,8
3258,1149,46,1,9
3259,1893,64,1,10
3260,2775,109,1,10
3261,2136,101,3,10
3262,2444,79,0,10
3263,1964,67,2,10
3264,1226,64,1,10
3265,1401,73,2,10
3266,2921,132,0,10
3267,2072,108,3,10
3268,1671,81,5,4
3269,1917,109,2,10
3270,2282,131,2,10
3271,2229,62,0,10
3272,2621,121,2,10
3273,3089,143,0,10
3274,2478,110,5,6
3275,1651,75,0,10
3276,1708,94,4,7
3277,2474,104,2,10
3278,2002,72,2,8
3279,2013,80,3,9
3280,2243,105,2,10
3281,1908,101,1,10
3282,2077,85,1,10
3283,2344,85,2,10
3284,1746,37,6,2
3285,2488,132,3,9
3286,2370,88,0,10
3287,2468,105,1,10
3288,2848,122,0,10
3289,2228,99,1,10
3290,2256,128,1,10
3291,1943,100,3,9
3292,2224,113,1,10
3293,1651,66,3,8
3294,1884,88,0,10
3295,2045,83,2,10
3296,1644,51,3,8
3297,984,60,1,10
3298,2348,89,4,8
3299,2626,87,0,10
3300,1715,78,1,10
3301,2259,107,3,10
3302,1339,89,2,10
3303,2041,99,1,10
3304,2734,150,3,10
3305,1836,104,2,10
3306,1310,71,2,10
3307,2790,128,3,10
3308,1652,57,2,8
3309,1853,75,4,5
3310,2617,143,3,10
3311,2366,123,2,10
3312,1806,65,3,9
3313,2371,106,1,10
3314,1582,79,0,10
3315,1407,44,1,10
3316,2528,127,2,10
3317,2217,103,4,10
3318,3134,132,1,10
3319,2561,115,3,10
3320,1417,61,1,8
3321,3020,156,0,10
3322,2101,105,0,10
3323,2061,98,1,10
3324,1711,85,3,9
3325,2820,88,1,10
3326,1608,65,2,8
3327,1887,81,5,5
3328,2090,56,1,8
3329,2428,121,1,10
3330,2092,104,4,8
3331,1978,67,3,7
3332,2916,102,1,10
3333,1812,79,1,10
3334,3314,120,0,10
3335,1821,80,3,8
3336,2729,114,3,10
3337,2526,105,1,10
3338,2933,117,2,10
3339,2162,94,2,10
3340,2668,127,3,10
3341,1755,57,1,9
3342,2169,82,3,9
3343,2166,91,4,7
3344,1909,94,1,10
3345,1689,66,1,10
3346,2250,131,1,10
3347,2885,130,0,10
3348,2702,123,0,10
3349,1870,101,1,10
3350,2101,96,0,10
3351,1885,97,2,10
3352,2138,73,4,6
3353,1867,83,1,10
3354,2195,105,3,10
3355,1639,80,3,9
3356,2383,120,1,10
3357,2783,154,3,10
3358,2397,131,2,10
3359,2105,99,0,10
3360,3048,142,2,10
3361,2207,75,2,10
3362,2179,84,3,9
3363,2340,106,0,10
3364,1956,95,1,10
3365,2588,107,1,10
3366,2534,118,3,9
3367,1615,78,0,10
3368,1714,83,3,10
3369,2526,107,2,10
3370,1695,112,3,10
3371,1804,79,3,7
3372,2022,103,3,10
3373,1750,81,0,10
3374,2423,127,1,10
3375,2332,109,4,9
3376,2371,122,6,6
3377,1797,81,1,10
3378,2767,121,5,8
3379,2655,102,4,9
3380,2837,138,3,10
3381,1990,76,3,7
3382,2097,71,1,10
3383,1893,90,2,9
3384,1757,73,3,9
3385,2785,121,1,10
3386,2508,113,2,10
3387,2801,123,0,10
3388,1849,78,2,9
3389,2849,110,7,5
3390,2398,122,1,10
3391,2530,111,4,9
3392,2745,136,0,10
3393,1936,85,3,8
3394,2991,122,0,10
3395,1584,43,3,7
3396,2300,84,3,7
3397,2613,111,1,10
3398,1397,82,3,8
3399,2065,84,1,10
3400,1359,40,2,7
3401,3119,125,3,10
3402,2657,113,3,10
3403,2151,96,4,9
3404,1855,88,2,10
3405,1735,77,1,10
3406,2490,89,0,10
3407,2281,66,3,9
3408,2366,116,4,9
3409,2204,118,2,10
3410,1850,69,2,10
3411,2566,94,2,9
3412,2531,128,1,10
3413,2318,86,3,10
3414,1757,83,1,10
3415,1930,81,3,10
3416,2141,39,3,8
3417,2429,99,1,10
3418,2119,87,0,10
3419,2882,113,3,10
3420,1382,75,3,9
3421,2417,99,1,10
3422,2863,138,6,6
3423,2285,94,2,10
3424,1795,79,1,10
3425,1809,69,1,10
3426,2334,115,1,10
3427,1927,70,0,10
3428,2700,116,5,9
3429,2018,90,1,10
3430,2393,129,2,10
3431,2237,97,5,8
3432,2683,112,1,10
3433,1942,125,6,8
3434,2487,124,3,10
3435,2528,115,1,10
3436,2105,113,4,9
3437,2137,100,1,10
3438,1788,65,4,7
3439,1820,89,2,10
3440,1814,76,1,10
3441,2442,87,3,9
3442,1175,51,2,9
3443,1724,104,7,5
3444,1567,78,7,2
3445,1500,58,1,9
3446,2062,100,1,10
3447,2465,102,0,10
3448,2485,119,3,9
3449,2657,113,1,10
3450,1367,49,0,10
3451,2290,100,1,10
3452,2099,94,2,9
3453,2324,125,2,10
3454,2851,120,3,10
3455,1532,82,3,7
3456,1657,69,1,8
3457,2269,102,2,10
3458,1992,96,1,10
3459,2362,85,2,10
3460,2568,132,1,10
3461,2389,120,3,10
3462,2143,89,6,6
3463,1741,84,2,10
3464,3512,146,0,10
3465,2834,136,2,10
3466,1484,60,2,9
3467,1555,60,2,9
3468,1945,111,2,10
3469,2005,87,4,8
3470,2228,89,2,9
3471,2663,111,0,10
3472,2271,86,1,10
3473,2032,96,2,10
3474,1763,85,3,6
3475,1814,63,1,9
3476,2519,127,3,10
3477,1820,93,4,9
3478,1917,86,1,10
3479,2233,93,2,10
3480,2405,107,0,10
3481,2675,142,4,10
3482,2428,94,1,10
3483,1787,102,5,7
3484,1550,79,2,9
3485,1619,96,3,8
3486,1503,86,5,6
3487,2537,84,1,10
3488,1734,81,3,8
3489,2885,126,2,10
3490,1940,105,1,10
3491,2289,109,0,10
3492,1917,63,3,7
3493,2107,84,4,7
3494,2139,111,1,10
3495,2241,124,1,10
3496,1896,97,4,10
3497,1320,71,3,6
3498,2014,92,4,8
3499,1935,112,2,10
3500,2809,148,4,9
3501,2503,97,3,9
3502,2947,136,5,10
3503,1972,110,2,10
3504,2715,101,5,7
3505,1630,80,2,9
3506,2834,97,2,10
3507,1382,93,3,10
3508,2574,126,1,10
3509,702,11,0,9
3510,1516,68,2,8
3511,2174,98,3,10
3512,2111,97,0,10
3513,2448,102,3,9
3514,2746,102,5,7
3515,2167,128,0,10
3516,2208,92,2,10
3517,2743,131,3,10
3518,1727,60,1,10
3519,1489,59,2,10
3520,1553,59,2,8
3521,1901,115,0,10
3522,2156,92,2,10
3523,1805,89,2,10
3524,1922,77,1,10
3525,1795,83,3,10
3526,1787,107,1,10
3527,1372,91,1,10
3528,2500,125,1,10
3529,2113,98,1,10
3530,2448,100,1,10
3531,2459,107,4,8
3532,2011,84,4,7
3533,2376,98,1,10
3534,2606,109,3,9
3535,1846,76,2,9
3536,1890,69,3,10
3537,2846,112,4,8
3538,1991,74,2,8
3539,2395,80,4,7
3540,2417,102,3,10
3541,1870,66,0,10
3542,1862,92,4,9
3543,2930,116,7,6
3544,1576,61,1,9
3545,2613,117,1,10
3546,1712,86,2,10
3547,2068,110,3,10
3548,2218,85,3,10
3549,1716,84,5,9
3550,1895,91,4,7
3551,1833,98,0,10
3552,2411,107,3,9
3553,2311,86,3,8
3554,2227,123,0,10
3555,1892,105,2,10
3556,2188,88,5,6
3557,2494,103,2,10
3558,2457,116,3,10
3559,2492,117,1,10
3560,1854,99,1,10
3561,2495,99,4,9
3562,2365,111,1,10
3563,1958,105,1,10
3564,2408,103,5,6
3565,2022,111,3,9
3566,1785,80,1,9
3567,2602,134,3,10
3568,2794,119,4,10
3569,2265,108,4,9
3570,1663,116,2,10
3571,2256,99,1,10
3572,1354,68,5,5
3573,2591,117,4,9
3574,2164,132,0,10
3575,2066,80,2,10
3576,2792,133,5,9
3577,1480,67,2,8
3578,1529,48,3,7
3579,2098,102,2,10
3580,2674,127,2,10
3581,2819,121,2,10
3582,2635,123,2,10
3583,1899,100,1,10
3584,2937,122,2,10
3585,2574,140,3,10
3586,1618,84,3,8
3587,1613,72,2,9
3588,2787,145,1,10
3589,1643,101,6,7
3590,1852,74,1,10
3591,2617,124,1,10
3592,2316,92,4,8
3593,2705,132,3,10
3594,2173,126,5,9
3595,2687,121,2,10
3596,1252,63,0,10
3597,2071,73,1,10
3598,2396,88,3,9
3599,2656,123,5,7
3600,1735,53,0,10
3601,2349,92,1,10
3602,2229,76,1,10
3603,1875,68,2,10
3604,2610,105,2,10
3605,2326,100,2,10
3606,2219,113,2,10
3607,1693,110,3,10
3608,2696,115,3,10
3609,2294,90,2,10
3610,1527,77,1,10
3611,3039,98,3,9
3612,1503,97,2,10
3613,2131,105,3,10
3614,1652,101,1,10
3615,1859,88,3,8
3616,1450,37,1,9
3617,2806,132,3,10
3618,2533,94,1,10
3619,2578,143,4,9
3620,2079,93,2,10
3621,2492,109,3,10
3622,1863,118,1,10
3623,2911,137,1,10
3624,2603,126,2,10
3625,2835,143,2,10
3626,3138,107,2,10
3627,1808,92,1,10
3628,1777,89,2,10
3629,1755,100,2,10
3630,2368,104,0,10
3631,1918,81,1,10
3632,1830,62,1,10
3633,2288,99,1,10
3634,1697,78,1,10
3635,2740,119,4,8
3636,848,45,2,7
3637,1807,96,1,10
3638,1993,110,2,10
3639,2560,133,3,9
3640,2024,85,4,6
3641,3777,183,1,10
3642,2496,106,1,10
3643,2014,80,1,10
3644,2270,80,1,9
3645,2015,97,5,6
3646,2075,94,0,10
3647,2501,91,3,10
3648,2719,108,2,10
3649,1518,93,0,10
3650,1672,65,1,10
3651,2329,108,0,10
3652,2280,97,4,8
3653,2288,98,6,5
3654,2555,123,0,10
3655,2489,131,3,10
3656,2813,101,1,10
3657,2698,121,0,10
3658,2252,84,3,10
3659,2385,112,3,10
3660,2322,88,1,10
3661,2275,121,4,9
3662,2369,89,2,10
3663,2273,85,3,10
3664,2167,59,3,7
3665,2542,118,5,7
3666,1739,115,3,10
3667,1650,61,3,8
3668,3293,114,1,10
3669,2344,119,1,10
3670,2352,105,2,10
3671,2275,78,4,8
3672,2592,127,2,10
3673,2173,116,3,10
3674,2921,137,0,10
3675,1770,79,1,9
3676,1397,81,2,9
3677,2436,86,3,8
3678,2026,91,1,10
3679,1379,58,1,10
3680,1757,76,3,10
3681,2421,105,1,10
3682,2165,106,3,9
3683,2792,125,0,10
3684,1963,86,2,10
3685,1825,111,3,8
3686,2986,147,1,10
3687,1922,93,1,10
3688,1977,118,4,10
3689,2011,86,4,8
3690,1503,86,1,10
3691,2431,140,5,8
3692,2101,107,4,8
3693,2133,82,4,6
3694,2027,95,3,8
3695,1635,90,2,10
3696,2137,118,2,10
3697,2489,111,0,10
3698,2692,160,1,10
3699,2656,102,1,10
3700,2543,114,1,10
3701,1685,87,3,10
3702,2277,57,0,10
3703,2781,135,5,10
3704,1568,68,1,10
3705,2217,110,0,10
3706,1980,95,4,8
3707,2743,117,0,10
3708,1547,92,1,10
3709,1388,74,1,10
3710,2919,142,3,10
3711,1395,72,5,5
3712,1364,83,1,10
3713,1993,106,2,10
3714,2332,88,2,9
3715,2119,116,1,10
3716,1111,69,1,10
3717,2190,89,4,6
3718,2696,97,2,10
3719,1730,101,2,10
3720,2415,120,6,5
3721,2643,106,4,10
3722,2026,92,1,10
3723,1643,80,2,9
3724,1226,53,0,10
3725,2353,97,3,7
3726,2310,99,1,10
3727,2406,131,3,10
3728,2025,106,7,3
3729,1901,83,3,8
3730,1345,82,1,10
3731,2569,110,2,10
3732,1475,85,1,10
3733,1984,106,2,10
3734,2573,113,1,10
3735,1861,58,1,10
3736,1744,88,2,10
3737,2594,123,2,10
3738,2222,91,6,6
3739,1969,99,7,3
3740,2294,109,1,10
3741,2153,96,5,7
3742,1260,69,3,8
3743,1726,64,2,9
3744,2717,106,2,10
3745,1844,82,0,10
3746,1922,61,4,6
3747,2372,108,3,9
3748,2423,102,1,10
3749,2653,121,2,10
3750,2161,93,8,3
3751,2572,95,3,9
3752,2016,110,4,9
3753,2671,114,1,10
3754,2954,120,3,10
3755,1481,72,4,8
3756,3260,161,0,10
3757,3037,144,3,10
3758,2663,108,5,6
3759,2183,106,2,10
3760,1167,72,0,10
3761,2393,93,4,6
3762,1988,108,2,10
3763,3021,126,2,10
3764,3097,145,3,10
3765,2134,87,3,9
3766,2603,106,1,10
3767,877,45,0,10
3768,1584,66,6,4
3769,1831,89,5,5
3770,1836,64,1,10
3771,2067,113,4,10
3772,2282,98,4,8
3773,2095,88,3,9
3774,2903,131,3,10
3775,2336,103,1,10
3776,2352,94,2,10
3777,2339,123,3,10
3778,2056,113,1,10
3779,2378,92,3,10
3780,2593,101,1,10
3781,1701,109,4,8
3782,1404,51,1,10
3783,2709,126,2,10
3784,2309,106,3,9
3785,2363,101,2,10
3786,1638,63,3,9
3787,2013,100,1,10
3788,2177,105,3,10
3789,1603,53,0,10
3790,2258,86,2,10
3791,2450,112,4,8
3792,2255,93,2,9
3793,2457,131,3,10
3794,2920,133,1,10
3795,2858,124,2,10
3796,1749,89,2,10
3797,1581,95,3,7
3798,1826,71,5,4
3799,2213,109,1,10
3800,1867,62,0,10
3801,2911,130,2,10
3802,1934,66,3,8
3803,1965,97,3,10
3804,2647,83,4,9
3805,2192,98,1,10
3806,1887,99,5,9
3807,1937,101,2,10
3808,1467,55,5,3
3809,1986,87,5,7
3810,1559,77,2,10
3811,1621,99,1,10
3812,2460,117,2,10
3813,2532,100,1,10
3814,3343,149,1,10
3815,2821,117,1,10
3816,2673,90,2,10
3817,1988,70,1,10
3818,2268,97,3,10
3819,2851,143,2,10
3820,2135,95,4,8
3821,2631,105,2,10
3822,2490,126,2,10
3823,2808,99,0,10
3824,2646,149,1,10
3825,1746,78,2,7
3826,2638,108,6,4
3827,2003,79,4,8
3828,2245,90,4,7
3829,1967,84,2,10
3830,2900,137,2,10
3831,2205,85,2,10
3832,2491,112,3,10
3833,1879,67,1,10
3834,2102,77,4,8
3835,1538,73,4,6
3836,2154,96,4,8
3837,2340,111,3,10
3838,2142,133,2,10
3839,1777,94,2,10
3840,1721,61,3,7
3841,2981,126,1,10
3842,2142,111,1,10
3843,1735,98,4,7
3844,1939,90,3,9
3845,2011,111,1,10
3846,2265,96,2,10
3847,2750,107,1,10
3848,2457,92,1,10
3849,1851,62,5,5
3850,3118,136,2,10
3851,2717,130,5,8
3852,3328,129,2,10
3853,1944,81,4,6
3854,1195,58,5,5
3855,2616,96,0,10
3856,2589,111,3,10
3857,2666,146,4,10
3858,1578,58,0,10
3859,1531,65,1,9
3860,2375,85,5,6
3861,1834,75,0,10
3862,2872,105,1,10
3863,2925,129,3,9
3864,1612,58,2,9
3865,2568,121,2,10
3866,1840,77,2,10
3867,2374,99,3,8
3868,2329,129,4,8
3869,2611,116,3,10
3870,2333,103,2,10
3871,2366,101,5,8
3872,1793,83,2,10
3873,2608,106,5,7
3874,2407,85,0,10
3875,2093,107,5,7
3876,2129,95,4,7
3877,2441,96,2,10
3878,1579,55,1,10
3879,2143,90,2,9
3880,2379,117,0,10
3881,2730,116,2,10
3882,1295,44,0,9
3883,1677,86,0,10
3884,2199,120,3,10
3885,2533,97,1,10
3886,2136,108,1,10
3887,2526,96,0,10
3888,1968,110,0,10
3889,2713,103,2,10
3890,1939,90,3,8
3891,2707,113,4,10
3892,2775,112,4,10
3893,2396,113,3,10
3894,2262,108,4,10
3895,3282,139,2,10
3896,2690,120,2,10
3897,2551,107,1,10
3898,1764,112,4,10
3899,2716,113,0,10
3900,2140,113,2,10
3901,3148,141,4,9
3902,2054,113,1,10
3903,2311,96,2,10
3904,2109,104,1,10
3905,2231,91,2,9
3906,2192,74,0,10
3907,1396,74,6,5
3908,1911,69,0,10
3909,1876,75,1,10
3910,2380,90,2,9
3911,2385,92,4,8
3912,1799,73,1,10
3913,2550,94,1,9
3914,2249,97,3,9
3915,2442,111,1,10
3916,2395,87,3,8
3917,1659,90,3,8
3918,2184,86,2,10
3919,2534,76,3,9
3920,2314,87,3,9
3921,2321,126,2,10
3922,2247,98,3,10
3923,1864,125,1,10
3924,2464,106,1,10
3925,1708,79,4,7
3926,2017,80,1,10
3927,1601,82,3,9
3928,2391,70,2,10
3929,2284,89,7,4
3930,2559,102,2,10
3931,2184,122,3,10
3932,2008,95,1,10
3933,2290,111,3,10
3934,2857,105,1,10
3935,2987,124,0,10
3936,2342,117,0,10
3937,3113,140,3,10
3938,2565,117,1,10
3939,2275,101,4,9
3940,1954,76,0,10
3941,2513,112,1,10
3942,1902,83,3,9
3943,1554,70,2,9
3944,2059,88,2,10
3945,2165,71,3,9
3946,2135,94,2,10
3947,2373,104,2,9
3948,2590,107,1,10
3949,1311,50,1,9
3950,1950,105,1,10
3951,1798,57,2,8
3952,1432,78,2,9
3953,2215,106,2,10
3954,2152,96,5,7
3955,2502,113,2,10
3956,1296,48,1,9
3957,1104,55,5,4
3958,2257,102,1,10
3959,2527,119,1,10
3960,2318,121,1,10
3961,1760,81,4,7
3962,1806,88,2,10
3963,1964,110,3,9
3964,1968,80,4,7
3965,2606,120,2,10
3966,1741,77,3,8
3967,2591,89,0,10
3968,2108,83,4,8
3969,1946,94,5,7
3970,2516,114,1,10
3971,1584,68,1,10
3972,2249,90,1,10
3973,1994,88,1,10
3974,2207,89,2,10
3975,2201,102,2,10
3976,2059,84,3,6
3977,2119,80,3,8
3978,1168,76,2,9
3979,2797,104,0,10
3980,2259,118,3,9
3981,2518,100,5,6
3982,2408,92,4,8
3983,2431,103,2,10
3984,2151,66,1,10
3985,3078,117,2,10
3986,2330,93,4,6
3987,1532,67,2,9
3988,2197,87,0,10
3989,2328,119,4,10
3990,2151,133,5,9
3991,2486,114,1,10
3992,2217,93,1,10
3993,2695,96,6,6
3994,2439,129,1,10
3995,1582,74,2,8
3996,1758,99,0,10
3997,2443,74,2,10
3998,1924,80,3,9
3999,2617,121,3,10
4000,2106,104,2,10
4001,2177,83,0,10
4002,2131,85,1,10
4003,2087,79,2,9
4004,1615,57,1,10
4005,1669,77,3,7
4006,2460,78,2,10
4007,1649,54,2,9
4008,2484,119,2,10
4009,2280,129,1,10
4010,2020,81,4,6
4011,1883,118,4,9
4012,2599,91,0,10
4013,2402,123,4,9
4014,1986,85,1,10
4015,2217,128,4,9
4016,2090,72,3,9
4017,2118,95,2,10
4018,3397,130,3,10
4019,2478,92,2,7
4020,2828,111,6,7
4021,2099,91,2,10
4022,1060,64,3,9
4023,2088,99,1,10
4024,2250,106,0,10
4025,2056,103,3,10
4026,2313,119,0,10
4027,2198,91,2,9
4028,2175,64,3,7
4029,2631,134,1,10
4030,2430,119,1,10
4031,1951,88,1,10
4032,3356,125,3,10
4033,2672,118,1,10
4034,2721,102,3,10
4035,2120,77,5,5
4036,2657,120,2,10
4037,2363,92,0,10
4038,1973,89,1,10
4039,2106,95,3,8
4040,1948,94,2,10
4041,2899,128,0,10
4042,2229,110,3,8
4043,2046,90,0,10
4044,2102,105,3,10
4045,2506,111,1,10
4046,1626,86,2,9
4047,1897,77,2,10
4048,2649,123,2,10
4049,2312,109,1,10
4050,2109,111,2,10
4051,2899,130,3,9
4052,2636,115,3,10
4053,2594,125,3,10
4054,1728,70,1,10
4055,1995,86,2,10
4056,1898,100,3,7
4057,2281,101,0,10
4058,2747,115,3,10
4059,2741,138,2,10
4060,2209,76,6,4
4061,2166,97,3,8
4062,2583,133,1,10
4063,2063,110,3,8
4064,2111,88,6,4
4065,2064,100,2,10
4066,2788,133,1,10
4067,2083,86,2,10
4068,2021,102,2,10
4069,2411,119,5,9
4070,3225,142,2,10
4071,2196,88,1,10
4072,2454,84,1,10
4073,2132,92,6,6
4074,1782,71,0,10
4075,2022,108,1,10
4076,1918,82,2,10
4077,2732,119,1,10
4078,2494,105,2,10
4079,2539,125,2,10
4080,2163,74,2,10
4081,1628,73,5,6
4082,2239,89,5,5
4083,1488,61,0,10
4084,1276,70,0,10
4085,2160,72,2,9
4086,1383,92,5,8
4087,2785,88,1,10
4088,2773,111,2,10
4089,2217,88,3,9
4090,1844,78,1,10
4091,2591,108,3,8
4092,3470,131,6,6
4093,2017,108,1,10
4094,2756,127,1,10
4095,1785,86,6,4
4096,2610,96,1,10
4097,2439,118,2,10
4098,1875,64,3,9
4099,2513,103,2,10
4100,2082,79,3,8
4101,2556,104,2,10
4102,2292,103,2,9
4103,2498,83,2,9
4104,2085,85,4,10
4105,1761,68,2,8
4106,2660,111,1,10
4107,1923,75,2,10
4108,3113,140,1,10
4109,1715,71,1,9
4110,2660,96,6,5
4111,2849,127,3,10
4112,2062,113,4,8
4113,2237,83,6,4
4114,2840,147,2,10
4115,2018,109,4,8
4116,1740,66,2,9
4117,2666,139,3,10
4118,2482,89,4,5
4119,1383,70,4,7
4120,2404,107,2,10
4121,2760,96,1,10
4122,3032,133,2,10
4123,2309,112,2,10
4124,2341,80,1,10
4125,3069,141,2,10
4126,2096,90,1,10
4127,2299,96,2,10
4128,1657,75,1,10
4129,2138,112,3,10
4130,2024,80,3,8
4131,2003,109,3,10
4132,1981,97,2,10
4133,1857,100,0,10
4134,2829,146,2,10
4135,2128,106,1,10
4136,1932,66,3,9
4137,2122,93,3,9
4138,3306,124,4,9
4139,2740,120,2,10
4140,1054,23,4,5
4141,2183,73,5,5
4142,1346,80,0,10
4143,2389,98,1,10
4144,2657,105,4,8
4145,2153,102,1,10
4146,3010,116,5,9
4147,2642,98,3,9
4148,1100,57,1,10
4149,2538,152,5,10
4150,1885,76,3,8
4151,2535,99,2,10
4152,2496,101,1,10
4153,1616,68,3,8
4154,1588,86,1,10
4155,2304,71,4,6
4156,1761,66,3,8
4157,1685,60,2,10
4158,2191,87,0,10
4159,2039,111,2,10
4160,2072,104,3,9
4161,1687,82,2,9
4162,2413,86,3,8
4163,2120,103,0,10
4164,3184,161,2,10
4165,2071,94,0,10
4166,1886,95,1,10
4167,1843,96,3,8
4168,2283,112,3,10
4169,2983,101,1,10
4170,2254,106,3,10
4171,2217,93,4,7
4172,2331,89,3,8
4173,1489,73,0,10
4174,2475,122,4,9
4175,1794,111,5,7
4176,1856,91,1,10
4177,2728,112,2,10
4178,2178,52,2,10
4179,2973,125,3,10
4180,1097,45,1,9
4181,2110,81,4,6
4182,2414,132,1,10
4183,2147,95,1,10
4184,2871,102,1,10
4185,1749,76,4,5
4186,2426,91,1,10
4187,2772,101,2,10
4188,1872,90,2,10
4189,1298,57,1,10
4190,2122,108,0,10
4191,2212,88,0,10
4192,3055,142,1,10
4193,2842,133,4,10
4194,2471,122,2,10
4195,2070,79,2,7
4196,1516,69,1,10
4197,2282,87,3,10
4198,2351,87,1,10
4199,2536,157,3,10
4200,2781,137,1,10
4201,2273,109,1,10
4202,3109,138,3,10
4203,2424,111,5,7
4204,2307,112,0,10
4205,1484,52,2,8
4206,2221,105,3,9
4207,2555,123,1,10
4208,2735,95,2,10
4209,2895,112,2,9
4210,2079,99,1,10
4211,2137,72,3,10
4212,2674,142,4,10
4213,1955,92,2,9
4214,2210,69,3,7
4215,2504,110,2,10
4216,1765,101,1,10
4217,1421,57,0,10
4218,1722,71,3,8
4219,2280,99,2,10
4220,2050,104,3,9
4221,2041,93,4,7
4222,1715,51,0,10
4223,2457,97,2,10
4224,1610,60,3,7
4225,1544,83,3,8
4226,2246,110,2,10
4227,2191,92,0,10
4228,1716,76,3,9
4229,1686,100,4,10
4230,2216,83,2,10
4231,2308,106,3,10
4232,2188,104,1,10
4233,2856,124,3,10
4234,1756,61,1,10
4235,1628,92,3,8
4236,1883,70,4,8
4237,2910,136,2,10
4238,2887,99,2,9
4239,1884,79,1,8
4240,1481,50,0,10
4241,2517,103,5,6
4242,2052,108,4,8
4243,2678,109,5,7
4244,2341,88,2,8
4245,2044,79,2,10
4246,2191,113,2,10
4247,2468,127,2,10
4248,1896,93,0,10
4249,2338,109,1,10
4250,2077,88,2,10
4251,1781,106,1,10
4252,1926,78,7,2
4253,2362,127,2,10
4254,1798,86,2,10
4255,2293,76,1,10
4256,2667,104,1,10
4257,1078,39,4,6
4258,1570,80,3,10
4259,2543,110,3,10
4260,2140,102,2,10
4261,2324,93,4,8
4262,2252,81,4,8
4263,2380,97,1,10
4264,2534,112,2,10
4265,2575,106,3,10
4266,2097,94,2,10
4267,2542,108,4,8
4268,2316,124,4,9
4269,1870,78,1,10
4270,2130,133,2,10
4271,2647,88,3,10
4272,1861,87,5,8
4273,2910,123,0,10
4274,2264,58,4,7
4275,2678,122,2,10
4276,2335,128,2,10
4277,1940,91,3,9
4278,1779,86,0,10
4279,1975,93,3,9
4280,2756,109,0,10
4281,2789,126,2,10
4282,1578,84,1,10
4283,1548,85,1,10
4284,2345,106,0,10
4285,2135,105,2,10
4286,1455,70,0,10
4287,3230,128,3,10
4288,2386,114,3,8
4289,2590,134,5,7
4290,2541,123,4,10
4291,2085,90,1,10
4292,2429,111,3,10
4293,2612,126,4,9
4294,2257,106,3,10
4295,2898,131,1,10
4296,2593,115,3,10
4297,1514,66,2,10
4298,2547,111,3,10
4299,1735,81,1,10
4300,1603,100,1,10
4301,2421,113,0,10
4302,2118,97,4,8
4303,2256,88,2,10
4304,1151,46,3,8
4305,2486,134,2,10
4306,2878,99,1,10
4307,2502,114,1,10
4308,2048,108,1,10
4309,1935,93,1,9
4310,2368,123,2,10
4311,2370,114,1,10
4312,2388,114,3,10
4313,2363,86,4,8
4314,2835,133,1,10
4315,1766,99,2,9
4316,724,40,2,9
4317,1508,78,0,10
4318,2759,104,1,10
4319,2767,122,4,8
4320,2715,126,3,10
4321,3326,128,3,9
4322,2474,105,3,10
4323,2726,130,0,10
4324,2211,110,2,10
4325,2414,89,3,9
4326,3152,138,1,10
4327,1544,64,4,5
4328,2436,102,0,10
4329,2175,94,3,8
4330,2322,114,4,10
4331,2387,123,0,10
4332,1381,61,3,7
4333,2226,74,3,7
4334,1734,76,4,7
4335,2071,77,3,9
4336,2388,131,3,9
4337,2297,106,2,10
4338,2333,108,1,10
4339,2197,86,4,7
4340,985,30,1,9
4341,2363,120,1,10
4342,1963,95,6,4
4343,2197,97,0,10
4344,1743,102,4,8
4345,2170,88,3,9
4346,2076,121,0,10
4347,1862,84,3,10
4348,2093,90,2,10
4349,1824,82,2,9
4350,1619,62,2,8
4351,2513,125,4,10
4352,2637,123,6,8
4353,2906,140,2,10
4354,1663,60,4,5
4355,2364,109,1,10
4356,2443,97,2,10
4357,2493,109,1,10
4358,2204,79,1,10
4359,3051,119,4,10
4360,1988,105,1,10
4361,1481,78,2,10
4362,2844,114,1,10
4363,2579,103,0,10
4364,2755,103,3,10
4365,1572,63,3,8
4366,1518,57,3,6
4367,2236,120,1,10
4368,1736,78,3,8
4369,2229,90,1,10
4370,1592,81,1,10
4371,1396,64,6,4
4372,1909,86,3,6
4373,1922,89,1,10
4374,2078,84,3,7
4375,2107,105,1,10
4376,2584,114,1,10
4377,2459,99,4,9
4378,2114,104,5,10
4379,2429,113,1,10
4380,2498,111,4,9
4381,2073,66,1,10
4382,2156,106,3,10
4383,2288,91,1,10
4384,2142,97,3,9
4385,2074,94,2,10
4386,2238,98,1,10
4387,2348,99,1,10
4388,1747,86,1,10
4389,2524,108,2,10
4390,2103,84,2,10
4391,1929,95,3,9
4392,1952,92,1,10
4393,2667,115,3,10
4394,2049,63,3,9
4395,1727,71,3,8
4396,1851,76,2,10
4397,2332,100,4,8
4398,2183,75,2,9
4399,2621,107,1,10
4400,1447,65,3,7
4401,2647,120,4,10
4402,2165,85,1,10
4403,2059,111,2,10
4404,2176,106,0,10
4405,2902,142,0,10
4406,2869,136,4,10
4407,2746,119,1,10
4408,2375,102,1,10
4409,3105,147,1,10
4410,1806,75,4,7
4411,1712,77,2,10
4412,3017,121,2,10
4413,1707,93,3,9
4414,2513,84,3,9
4415,2971,145,1,10
4416,2327,120,5,9
4417,2768,123,4,9
4418,1693,101,2,10
4419,2896,100,1,10
4420,2518,121,1,10
4421,2038,77,1,10
4422,1335,77,1,10
4423,2629,88,0,10
4424,1885,105,1,10
4425,2303,93,3,9
4426,2128,79,3,10
4427,2394,86,2,10
4428,2487,110,7,4
4429,2218,118,3,10
4430,2411,112,4,8
4431,2718,81,2,10
4432,1720,88,1,10
4433,2206,76,3,9
4434,2336,112,1,10
4435,1883,93,3,7
4436,2016,104,1,10
4437,1946,87,3,8
4438,2647,103,0,10
4439,2347,113,3,9
4440,1759,113,0,10
4441,2157,76,0,10
4442,2394,85,2,9
4443,2939,121,3,10
4444,2855,123,0,10
4445,2621,94,0,10
4446,3059,143,5,9
4447,2102,105,0,10
4448,2062,84,5,6
4449,2738,132,0,10
4450,1929,118,6,5
4451,2114,85,1,10
4452,3042,98,1,10
4453,1916,80,4,7
4454,2458,126,1,10
4455,1909,73,3,7
4456,2254,78,2,9
4457,1906,105,2,10
4458,2030,73,1,10
4459,1739,72,2,10
4460,2362,137,4,10
4461,2018,89,2,10
4462,1390,72,0,10
4463,3086,132,1,10
4464,2300,92,4,7
4465,1982,82,1,10
4466,2516,102,1,10
4467,2513,111,2,10
4468,2211,114,3,9
4469,2949,124,2,10
4470,2748,131,1,10
4471,1800,96,1,10
4472,2720,129,0,10
4473,1531,61,0,10
4474,2098,107,2,10
4475,2448,82,3,8
4476,2276,96,2,9
4477,2560,104,3,10
4478,1964,111,1,10
4479,2198,122,0,10
4480,1575,81,1,10
4481,1998,79,2,9
4482,1460,66,1,10
4483,1864,82,1,10
4484,2703,133,2,10
4485,2109,101,2,10
4486,2300,102,2,10
4487,2364,94,2,10
4488,1513,64,1,10
4489,1989,70,4,5
4490,2040,107,1,10
4491,1383,59,4,7
4492,1932,78,1,10
4493,1740,91,4,8
4494,2109,98,3,7
4495,2347,94,0,10
4496,2301,82,4,8
4497,2643,119,1,10
4498,1742,64,1,10
4499,2589,111,4,10
4500,2388,130,2,10
4501,2124,80,3,10
4502,2274,84,1,9
4503,2362,110,2,10
4504,1806,88,2,10
4505,1583,86,0,10
4506,1854,110,3,10
4507,2274,109,3,10
4508,2167,91,3,8
4509,2585,129,4,9
4510,1644,80,2,9
4511,1889,93,1,10
4512,2536,93,3,8
4513,1832,85,2,9
4514,1464,99,0,10
4515,2581,113,2,10
4516,2758,114,3,10
4517,2225,133,4,9
4518,2689,129,1,10
4519,2622,129,2,10
4520,1982,83,0,10
4521,3806,172,3,10
4522,2122,97,2,10
4523,2110,120,3,9
4524,2523,131,1,10
4525,922,53,2,10
4526,2840,130,0,10
4527,1978,80,1,10
4528,1621,75,3,9
4529,2076,104,0,10
4530,1571,86,2,10
4531,3048,130,1,10
4532,1750,92,2,10
4533,2345,122,2,10
4534,2251,127,3,10
4535,1942,116,2,10
4536,2087,67,4,7
4537,2083,74,1,10
4538,1863,81,4,7
4539,2999,112,3,9
4540,1822,84,2,9
4541,2657,135,1,10
4542,1696,88,5,4
4543,2542,104,2,10
4544,2604,104,0,10
4545,1920,74,3,8
4546,2516,97,2,10
4547,2134,88,3,9
4548,1473,87,1,10
4549,1601,78,3,7
4550,2553,112,2,10
4551,1693,61,2,9
4552,2238,113,1,10
4553,2269,105,1,10
4554,2333,89,3,10
4555,2223,107,1,10
4556,2336,101,3,10
4557,2846,126,4,10
4558,2891,105,0,10
4559,1797,89,6,4
4560,1802,89,1,10
4561,2166,109,2,10
4562,1769,67,5,7
4563,1946,90,2,10
4564,1774,86,1,10
4565,2839,135,3,10
4566,2144,72,0,10
4567,2579,112,4,9
4568,2553,116,2,10
4569,1865,89,2,10
4570,1782,48,5,3
4571,2401,95,1,10
4572,2952,123,4,10
4573,2577,106,3,8
4574,1812,82,3,10
4575,2476,89,1,10
4576,2240,88,3,7
4577,2531,95,3,10
4578,2079,99,0,10
4579,2698,107,3,10
4580,1777,106,0,10
4581,2509,76,2,9
4582,2485,109,1,10
4583,2214,105,4,10
4584,2478,93,0,10
4585,2435,120,1,10
4586,1975,67,2,10
4587,1983,100,3,9
4588,1526,58,2,8
4589,2250,107,4,8
4590,1383,60,2,9
4591,2685,92,5,6
4592,2265,114,4,9
4593,1936,108,1,10
4594,2840,129,2,10
4595,2423,119,1,10
4596,2061,108,2,10
4597,2492,103,2,10
4598,2460,105,3,10
4599,2854,113,1,10
4600,2011,102,2,10
4601,2519,112,3,10
4602,2723,124,2,10
4603,3130,124,1,10
4604,2584,117,0,10
4605,2195,89,0,10
4606,1808,66,3,7
4607,1876,71,0,10
4608,1804,66,2,8
4609,2334,118,2,10
4610,1849,68,0,10
4611,2308,111,3,10
4612,2467,98,6,4
4613,2483,81,4,8
4614,2307,111,4,8
4615,2579,113,5,6
4616,2085,111,4,9
4617,1981,113,3,10
4618,2306,107,1,10
4619,1957,71,4,6
4620,2324,103,3,9
4621,1757,86,2,10
4622,2568,107,3,10
4623,2413,75,5,3
4624,2297,122,4,8
4625,2191,97,4,8
4626,1433,52,0,10
4627,3112,134,5,7
4628,2551,123,2,10
4629,3071,144,1,10
4630,2762,124,1,10
4631,2806,117,1,10
4632,1724,58,1,10
4633,2441,112,3,9
4634,2604,113,1,10
4635,2639,149,1,10
4636,2461,101,1,10
4637,2230,85,0,10
4638,2545,114,5,9
4639,2369,107,0,10
4640,2068,100,6,5
4641,2737,105,5,7
4642,2759,102,5,7
4643,1783,58,4,7
4644,1912,79,5,5
4645,1789,89,4,6
4646,1427,48,1,9
4647,2776,135,2,10
4648,3651,158,3,10
4649,2576,155,2,10
4650,2066,108,5,9
4651,1906,93,8,1
4652,1746,76,2,10
4653,2790,121,2,10
4654,1701,85,1,10
4655,2483,107,2,10
4656,2198,93,2,10
4657,2449,111,3,9
4658,2558,115,1,10
4659,2209,104,3,9
4660,1741,55,3,8
4661,2880,141,2,10
4662,2695,132,4,9
4663,2036,70,1,10
4664,2120,84,4,7
4665,2343,96,3,10
4666,2800,128,1,10
4667,3099,154,4,10
4668,2001,91,1,10
4669,1061,36,1,10
4670,2115,89,1,10
4671,2319,94,0,10
4672,3001,121,2,10
4673,2441,107,1,10
4674,1818,94,0,10
4675,2793,124,3,10
4676,1937,74,2,10
4677,2202,122,4,8
4678,2396,121,1,10
4679,2322,126,1,10
4680,2949,122,1,10
4681,2227,75,2,9
4682,2399,86,2,10
4683,1338,57,4,4
4684,1791,78,4,8
4685,1951,89,0,10
4686,1662,73,2,10
4687,1939,74,1,10
4688,2260,121,2,10
4689,1341,82,2,9
4690,2041,91,2,9
4691,2283,103,1,10
4692,2407,126,2,10
4693,2672,145,2,10
4694,2787,122,0,10
4695,1719,60,1,10
4696,2647,122,3,10
4697,1966,57,1,10
4698,3143,147,1,10
4699,1820,92,2,9
4700,3189,144,4,9
4701,1951,68,1,10
4702,2754,154,4,10
4703,2013,75,1,10
4704,2440,125,1,10
4705,2188,83,5,6
4706,2699,118,4,10
4707,1684,65,1,10
4708,1309,71,1,10
4709,1731,94,3,9
4710,2573,119,3,10
4711,2560,104,1,10
4712,3064,156,1,10
4713,2635,86,1,10
4714,1694,91,4,7
4715,2471,86,2,10
4716,2026,108,3,10
4717,2147,110,2,10
4718,2315,97,0,10
4719,3534,150,2,10
4720,2165,87,0,10
4721,1953,80,3,9
4722,2133,101,5,6
4723,1911,104,4,10
4724,2950,139,3,10
4725,2384,119,2,10
4726,2342,127,4,10
4727,3003,139,4,10
4728,2389,122,1,10
4729,1864,76,2,10
4730,2568,118,2,10
4731,2601,115,0,10
4732,2157,91,4,8
4733,1973,82,1,10
4734,3002,148,1,10
4735,1944,104,1,10
4736,2034,117,0,10
4737,2155,87,2,9
4738,2203,89,2,10
4739,1922,77,1,10
4740,1820,98,1,10
4741,2989,137,4,10
4742,2056,96,1,10
4743,1729,37,4,4
4744,1658,46,3,7
4745,2303,104,1,10
4746,1615,94,0,10
4747,1818,97,2,10
4748,2055,86,5,6
4749,3120,148,1,10
4750,2000,108,4,10
4751,2997,132,4,9
4752,2120,106,2,10
4753,1263,69,1,9
4754,3178,174,3,10
4755,2035,89,0,10
4756,1667,64,3,8
4757,1633,44,4,5
4758,2087,66,4,8
4759,2262,98,1,10
4760,2057,84,4,7
4761,2344,130,4,9
4762,1527,61,0,10
4763,2387,105,1,10
4764,1500,35,5,4
4765,2551,59,0,10
4766,1978,97,6,7
4767,2486,148,1,10
4768,2598,124,1,10
4769,2892,135,2,10
4770,2372,97,4,8
4771,1572,70,3,8
4772,2389,90,2,9
4773,2078,73,0,10
4774,2306,95,1,10
4775,2140,106,2,10
4776,1825,85,0,10
4777,2675,110,2,10
4778,2649,109,2,10
4779,2098,79,2,10
4780,2446,101,4,8
4781,2359,93,0,10
4782,2023,89,4,8
4783,1765,91,2,10
4784,2744,140,4,10
4785,3005,147,3,10
4786,2773,124,4,10
4787,2062,88,2,10
4788,1710,53,1,9
4789,2134,119,1,10
4790,2039,104,4,7
4791,2614,119,4,8
4792,2069,94,1,10
4793,1827,85,2,9
4794,2840,103,3,10
4795,2580,103,1,10
4796,2327,106,2,10
4797,2074,94,5,6
4798,2463,108,3,8
4799,2725,103,1,10
4800,1645,89,1,10
4801,1699,69,2,10
4802,1576,65,1,10
4803,2024,61,4,7
4804,2109,96,3,7
4805,3146,149,1,10
4806,1666,86,6,4
4807,2243,126,2,10
4808,2249,94,1,10
4809,2300,99,0,10
4810,2176,93,0,10
4811,2154,61,2,9
4812,3226,140,0,10
4813,1804,82,2,10
4814,1591,99,2,10
4815,1993,84,1,10
4816,2466,115,2,10
4817,2946,150,6,7
4818,2674,98,1,10
4819,2255,133,1,10
4820,2047,92,2,10
4821,2398,118,3,10
4822,1749,107,0,10
4823,1689,92,2,10
4824,2440,128,2,10
4825,1865,104,2,10
4826,1930,99,0,10
4827,3134,135,2,10
4828,3166,124,2,10
4829,2246,105,1,10
4830,1840,89,3,10
4831,3045,122,1,10
4832,2105,75,3,9
4833,2765,108,1,10
4834,2231,136,3,10
4835,2787,114,2,10
4836,1975,73,0,10
4837,2130,92,1,10
4838,2146,84,2,10
4839,2087,77,4,7
4840,1427,88,7,3
4841,2224,100,2,10
4842,2286,79,1,10
4843,2012,70,4,8
4844,1618,61,2,10
4845,2513,118,2,10
4846,1549,70,2,9
4847,2849,145,3,10
4848,1588,60,2,8
4849,1699,69,1,10
4850,2651,129,1,10
4851,2221,88,5,8
4852,2288,96,3,10
4853,1908,70,0,10
4854,2833,109,1,10
4855,2835,146,2,10
4856,2811,122,5,9
4857,2214,90,3,8
4858,2754,82,2,9
4859,1829,90,1,10
4860,2512,119,1,10
4861,2196,92,1,10
4862,2246,115,4,10
4863,2466,87,2,10
4864,2394,121,2,10
4865,2473,97,0,10
4866,1651,81,2,10
4867,2044,89,1,10
4868,2210,104,3,10
4869,1894,87,4,8
4870,2040,90,5,5
4871,1486,78,5,6
4872,1904,107,4,8
4873,1554,85,2,10
4874,3029,138,1,10
4875,2305,103,4,6
4876,2628,73,2,8
4877,2585,105,4,9
4878,1927,89,4,7
4879,1657,77,5,4
4880,1767,76,0,10
4881,2046,58,2,8
4882,2395,134,0,10
4883,2277,110,1,10
4884,2146,70,3,10
4885,1948,63,4,5
4886,2363,101,2,10
4887,2374,112,0,10
4888,1528,88,2,10
4889,2861,126,4,10
4890,2378,129,4,9
4891,1960,81,4,8
4892,2109,101,2,10
4893,1305,35,1,8
4894,2223,112,5,8
4895,1910,102,1,10
4896,2573,111,3,10
4897,1660,79,2,9
4898,2042,77,2,10
4899,1771,88,0,10
4900,943,71,1,10
4901,2923,108,3,10
4902,2288,85,0,10
4903,2186,104,1,10
4904,1367,45,2,8
4905,1940,96,3,10
4906,2265,89,5,5
4907,2370,92,1,10
4908,2379,128,4,9
4909,2290,110,1,10
4910,1748,92,2,9
4911,2842,147,1,10
4912,2540,104,1,10
4913,2009,77,5,6
4914,1967,104,1,10
4915,1682,90,1,10
4916,1992,76,3,7
4917,2417,97,3,10
4918,2821,114,3,8
4919,2167,132,3,10
4920,2865,131,2,10
4921,2843,109,2,10
4922,1791,53,2,8
4923,2093,101,1,10
4924,2286,100,2,10
4925,2602,135,2,10
4926,1985,101,1,10
4927,2612,81,0,10
4928,1844,112,5,9
4929,2039,87,2,10
4930,2152,78,2,9
4931,1163,67,5,5
4932,2202,83,2,10
4933,2168,76,2,9
4934,2164,86,2,10
4935,2637,129,1,10
4936,1953,76,2,9
4937,2193,82,3,8
4938,1658,102,1,10
4939,1786,108,2,10
4940,2236,107,1,10
4941,2515,107,0,10
4942,3515,133,0,10
4943,2645,119,2,10
4944,2485,103,1,10
4945,2231,94,1,10
4946,2762,139,2,10
4947,3111,117,5,8
4948,2602,113,2,10
4949,1997,97,2,9
4950,2224,101,5,7
4951,2583,97,1,10
4952,2501,108,1,10
4953,1478,46,3,9
4954,1853,105,3,9
4955,1693,88,2,10
4956,1458,63,2,9
4957,2131,75,1,10
4958,2374,112,0,10
4959,2063,109,1,10
4960,2102,64,2,9
4961,1387,89,1,10
4962,1736,70,1,10
4963,2003,91,4,7
4964,2113,94,2,10
4965,2673,119,3,9
4966,2022,93,4,9
4967,2628,117,5,8
4968,2358,91,0,10
4969,2350,87,3,10
4970,1450,79,1,10
4971,2120,111,3,10
4972,2633,99,0,10
4973,1398,76,3,8
4974,2663,102,4,8
4975,3271,156,4,10
4976,1450,67,3,6
4977,1561,97,1,10
4978,2464,105,0,10
4979,2286,136,5,7
4980,1620,64,0,10
4981,2765,103,0,10
4982,1874,85,1,10
4983,1510,58,1,10
4984,2043,75,2,10
4985,2818,107,2,10
4986,1902,98,1,10
4987,2364,124,3,10
4988,1563,75,1,9
4989,2841,135,2,10
4990,1604,88,2,10
4991,2053,76,3,9
4992,2940,106,4,8
4993,1551,77,3,6
4994,2052,87,4,7
4995,1925,92,4,8
4996,2562,124,4,9
4997,1906,75,2,9
4998,2550,120,2,10
4999,1900,87,4,7
5000,2125,92,4,7
5001,2998,111,1,10
5002,2113,89,2,9
5003,2901,101,4,7
5004,2430,95,1,10
5005,2623,113,1,10
5006,2265,81,3,7
5007,1613,90,3,10
5008,1006,58,4,7
5009,1673,63,1,10
5010,2465,122,2,10
5011,1881,94,1,10
5012,1395,89,2,10
5013,1386,53,2,10
5014,3189,144,1,10
5015,2352,88,2,10
5016,2731,80,1,10
5017,1965,83,1,10
5018,2709,115,3,10
5019,2637,106,1,10
5020,3048,135,2,10
5021,2385,109,1,10
5022,2633,81,3,8
5023,2225,100,2,10
5024,1983,107,0,10
5025,2803,128,0,10
5026,2601,125,4,9
5027,2401,123,4,10
5028,2282,78,2,10
5029,1997,95,3,9
5030,2177,77,6,5
5031,2176,94,1,10
5032,2165,84,4,7
5033,2175,73,0,10
5034,1881,106,2,10
5035,1786,86,2,8
5036,2836,126,3,8
5037,2290,111,2,10
5038,1937,79,3,10
5039,2734,93,1,10
5040,3132,142,2,10
5041,2222,74,2,10
5042,3780,159,3,10
5043,1641,63,4,10
5044,2745,120,3,10
5045,1179,50,2,10
5046,1957,81,3,8
5047,1593,79,1,10
5048,1520,57,4,7
5049,1965,77,4,9
5050,2171,77,1,10
5051,1438,21,2,8
5052,2100,87,2,7
5053,2473,118,3,10
5054,2623,114,4,8
5055,2560,138,2,10
5056,2263,103,6,7
5057,1638,72,1,10
5058,2475,118,1,10
5059,1861,86,2,10
5060,1585,73,3,9
5061,1878,86,1,10
5062,2219,133,3,10
5063,2270,108,1,10
5064,2158,100,2,9
5065,2795,148,3,10
5066,2603,120,2,10
5067,2573,106,1,10
5068,1798,67,2,10
5069,1932,75,2,10
5070,1918,98,3,9
5071,2810,142,1,10
5072,1542,81,4,7
5073,2193,94,4,9
5074,2262,105,0,10
5075,2620,108,1,10
5076,2981,133,1,10
5077,2264,96,1,10
5078,2361,113,1,10
5079,2257,94,1,10
5080,2447,106,3,10
5081,1932,95,2,10
5082,2972,134,3,10
5083,2282,110,4,8
5084,2029,108,2,10
5085,1581,60,0,10
5086,2337,87,3,9
5087,2801,124,2,10
5088,2022,100,2,10
5089,2427,89,3,8
5090,2340,101,4,6
5091,2406,113,6,5
5092,1573,73,4,7
5093,2196,88,3,9
5094,2236,82,1,10
5095,2108,89,2,9
5096,1779,79,1,10
5097,2104,104,1,10
5098,2628,101,4,8
5099,2115,90,1,10
5100,2180,71,1,10
5101,2269,106,1,10
5102,2205,104,0,10
5103,2541,119,6,4
5104,1847,93,4,8
5105,2019,120,3,10
5106,1748,61,1,10
5107,1569,79,6,4
5108,2386,100,2,10
5109,2574,106,4,8
5110,2064,100,4,6
5111,1967,77,3,7
5112,2075,110,0,10
5113,1402,54,1,8
5114,2136,103,3,9
5115,1582,79,1,10
5116,1561,86,3,8
5117,2170,105,3,9
5118,2660,111,0,10
5119,2055,115,2,10
5120,3026,138,3,10
5121,2504,110,1,10
5122,2124,99,0,10
5123,3060,142,2,10
5124,1367,57,1,10
5125,2534,103,4,8
5126,2710,108,2,10
5127,1956,103,2,10
5128,2831,121,3,10
5129,1853,97,4,8
5130,2129,89,1,10
5131,2353,89,3,9
5132,2021,115,2,10
5133,1948,72,2,10
5134,1920,70,1,10
5135,2045,85,4,7
5136,2674,97,4,8
5137,2958,116,6,6
5138,1171,74,3,8
5139,2524,103,1,10
5140,1857,68,2,9
5141,2694,127,2,10
5142,2589,111,6,7
5143,1817,98,0,10
5144,1959,94,3,9
5145,2060,84,1,9
5146,2564,94,1,10
5147,2217,111,5,9
5148,1831,75,5,6
5149,1979,103,1,10
5150,2552,106,1,10
5151,2628,84,4,9
5152,1514,58,5,6
5153,2305,133,3,10
5154,1625,63,3,8
5155,2403,100,0,10
5156,2183,89,2,10
5157,2405,102,1,10
5158,1685,59,1,10
5159,2957,126,4,10
5160,2574,94,3,10
5161,2214,66,5,6
5162,2824,140,4,9
5163,3036,108,5,7
5164,1998,85,1,10
5165,2100,103,2,10
5166,2560,122,3,9
5167,1384,59,1,10
5168,1953,69,1,9
5169,1872,92,4,7
5170,2312,103,6,7
5171,1688,116,0,10
5172,1777,105,1,10
5173,2986,150,4,10
5174,3030,125,2,10
5175,2896,95,2,10
5176,1413,76,2,9
5177,2116,92,1,10
5178,2116,87,3,8
5179,3007,129,2,10
5180,2450,94,3,9
5181,1521,68,3,8
5182,2453,105,4,8
5183,1820,64,3,9
5184,2147,104,2,10
5185,1974,89,1,10
5186,2320,101,4,8
5187,2458,105,1,10
5188,2335,91,1,10
5189,1938,118,2,10
5190,2225,124,1,10
5191,1711,49,1,10
5192,2092,103,1,10
5193,1912,85,4,8
5194,1104,78,1,10
5195,2282,110,2,10
5196,1842,79,2,10
5197,1664,100,5,6
5198,2772,110,3,10
5199,1779,95,4,8
5200,2805,110,4,7
5201,1880,89,2,10
5202,1452,77,3,8
5203,2158,116,1,10
5204,2344,89,1,10
5205,2494,107,1,10
5206,1878,104,1,10
5207,1835,83,2,9
5208,2418,81,1,10
5209,2357,87,2,9
5210,2757,124,1,10
5211,1748,87,2,10
5212,1605,63,3,7
5213,1933,79,4,5
5214,2665,138,1,10
5215,1769,91,3,9
5216,1814,91,3,9
5217,2057,107,3,10
5218,2403,110,6,6
5219,2632,112,2,10
5220,1926,92,4,8
5221,2926,123,1,10
5222,1782,65,0,10
5223,2306,100,2,10
5224,1947,58,2,8
5225,2469,90,1,10
5226,3065,129,1,10
5227,1795,50,4,5
5228,2089,100,1,10
5229,2414,88,2,9
5230,1985,88,1,10
5231,2307,97,2,10
5232,2582,118,0,10
5233,2289,79,4,8
5234,1473,54,3,6
5235,1927,105,2,10
5236,1692,79,4,7
5237,1537,77,3,6
5238,2757,118,1,10
5239,2093,88,4,8
5240,1631,68,7,2
5241,2746,111,2,10
5242,2494,101,2,10
5243,1440,45,2,8
5244,2371,97,3,9
5245,2503,89,2,9
5246,1797,94,1,10
5247,1883,75,2,8
5248,2349,107,1,10
5249,2541,113,2,10
5250,2301,85,3,7
5251,1075,61,0,10
5252,1623,75,2,8
5253,2236,98,4,7
5254,1322,67,5,7
5255,2324,101,1,10
5256,1765,100,0,10
5257,2441,109,3,8
5258,2580,141,3,10
5259,2584,114,0,10
5260,1179,75,1,10
5261,1890,91,2,9
5262,2450,105,0,10
5263,1973,88,2,10
5264,3067,115,1,10
5265,2643,114,1,10
5266,2440,104,1,10
5267,1527,83,1,10
5268,2211,114,1,10
5269,1572,65,4,6
5270,2319,116,2,10
5271,2173,131,2,10
5272,2543,107,1,10
5273,2445,89,1,10
5274,1542,53,0,10
5275,2398,108,1,10
5276,2089,71,2,10
5277,1726,73,1,10
5278,2057,91,3,10
5279,2065,116,2,10
5280,2575,126,1,10
5281,2630,128,2,10
5282,2375,98,2,10
5283,2557,121,3,10
5284,2203,84,1,10
5285,1900,90,0,10
5286,2816,131,4,9
5287,2768,115,2,10
5288,2649,135,1,10
5289,3124,147,5,10
5290,2036,106,1,10
5291,2365,92,0,10
5292,1826,101,4,8
5293,2362,113,0,10
5294,2573,108,2,10
5295,1619,94,1,10
5296,1737,74,3,8
5297,2038,78,1,9
5298,2811,131,1,10
5299,2768,129,3,10
5300,2293,92,4,7
5301,2164,87,2,10
5302,2219,85,1,10
5303,2463,122,1,10
5304,2975,118,2,10
5305,2299,97,2,9
5306,1626,95,5,8
5307,1798,68,2,8
5308,2281,109,5,9
5309,1834,99,1,10
5310,2236,116,0,10
5311,2304,105,1,10
5312,1953,84,2,10
5313,2107,105,2,10
5314,2725,115,2,10
5315,1723,60,4,7
5316,1145,51,1,9
5317,2565,110,2,10
5318,2271,100,4,7
5319,2624,118,2,10
5320,2115,115,2,10
5321,3068,122,4,9
5322,1910,90,2,10
5323,2016,123,1,10
5324,2374,102,0,10
5325,2633,105,4,9
5326,2391,106,3,8
5327,1922,61,1,10
5328,2200,92,5,8
5329,2468,87,5,6
5330,2340,91,1,10
5331,2817,137,4,10
5332,1750,69,0,10
5333,2233,98,2,10
5334,1928,96,1,10
5335,2438,107,3,9
5336,1633,69,4,7
5337,1923,71,2,9
5338,1858,77,3,8
5339,2350,89,6,4
5340,1562,83,3,10
5341,2929,140,6,8
5342,3104,107,1,10
5343,2182,65,2,9
5344,2228,122,7,5
5345,2654,106,2,10
5346,2717,136,1,10
5347,2064,91,5,5
5348,2204,113,4,10
5349,2059,87,1,10
5350,2155,88,4,8
5351,2263,129,3,10
5352,2012,92,2,10
5353,1917,89,2,9
5354,2019,105,3,8
5355,2690,111,3,9
5356,2317,88,2,9
5357,2930,141,0,10
5358,1373,61,1,9
5359,1820,89,2,9
5360,2354,129,5,7
5361,2437,98,3,10
5362,2882,142,6,9
5363,2126,95,3,8
5364,2411,119,3,8
5365,1595,41,1,9
5366,2140,100,1,10
5367,3162,147,1,10
5368,2243,101,3,10
5369,1834,81,4,7
5370,2855,110,3,10
5371,2259,77,2,10
5372,1689,92,1,10
5373,2885,117,2,10
5374,1631,81,1,10
5375,2899,116,3,10
5376,1654,103,5,5
5377,2327,99,2,10
5378,2536,80,7,4
5379,1973,92,0,10
5380,2153,86,3,9
5381,1871,85,1,10
5382,1627,68,6,4
5383,1711,63,5,3
5384,2648,107,0,10
5385,2865,138,5,9
5386,2320,94,5,6
5387,2957,135,2,10
5388,2918,140,1,10
5389,3085,121,1,10
5390,2697,87,0,10
5391,3094,132,1,10
5392,1680,83,2,10
5393,2715,129,0,10
5394,1758,87,1,10
5395,3067,157,5,10
5396,1527,95,3,8
5397,3112,145,0,10
5398,2266,101,1,10
5399,2870,131,0,10
5400,2203,116,2,10
5401,2004,100,1,10
5402,1816,96,2,10
5403,2674,115,1,10
5404,2554,116,4,10
5405,1954,55,2,8
5406,2656,83,1,10
5407,1480,66,2,10
5408,2250,91,3,8
5409,2916,133,2,10
5410,2462,104,4,8
5411,1414,87,1,10
5412,1452,53,4,5
5413,1258,82,3,7
5414,2734,137,0,10
5415,1694,83,3,9
5416,2707,120,2,10
5417,2457,99,1,10
5418,1909,96,1,10
5419,2548,108,1,10
5420,1631,76,1,10
5421,1951,101,2,10
5422,1571,51,1,9
5423,1860,84,1,10
5424,2352,103,2,10
5425,1986,101,1,10
5426,1621,87,1,10
5427,1716,82,3,10
5428,1665,80,4,7
5429,2215,98,1,10
5430,2005,109,1,10
5431,1854,90,2,9
5432,2669,124,0,10
5433,2784,111,3,10
5434,3200,142,1,10
5435,2280,123,4,8
5436,1900,83,4,7
5437,2155,97,2,10
5438,2674,112,2,10
5439,2132,123,2,10
5440,2111,73,3,9
5441,1863,102,0,10
5442,2659,108,0,10
5443,2695,81,2,10
5444,2211,107,1,10
5445,2641,152,2,10
5446,1816,93,3,9
5447,1718,58,2,10
5448,2310,107,2,10
5449,2674,114,5,7
5450,2256,113,3,10
5451,1761,70,3,7
5452,1544,64,4,5
5453,2079,63,3,9
5454,1994,56,2,9
5455,2970,154,2,10
5456,2522,95,4,8
5457,1717,76,1,9
5458,2459,110,2,10
5459,2458,102,2,10
5460,1821,74,1,10
5461,1929,89,1,10
5462,1893,94,1,10
5463,2637,127,3,9
5464,2906,152,2,10
5465,1869,83,2,10
5466,1771,81,2,10
5467,1069,53,1,10
5468,2820,158,4,10
5469,1734,83,1,10
5470,1367,54,1,10
5471,1771,79,3,9
5472,2603,116,0,10
5473,2146,118,0,10
5474,1863,71,1,10
5475,2276,106,3,10
5476,863,81,3,9
5477,2219,81,2,10
5478,1828,81,1,10
5479,2825,109,4,8
5480,2244,71,1,10
5481,1488,90,1,10
5482,2260,72,1,10
5483,2736,136,1,10
5484,1588,45,4,7
5485,2174,98,1,10
5486,2245,100,1,10
5487,1858,74,5,6
5488,1958,99,1,10
5489,1839,90,2,8
5490,2118,105,2,10
5491,2081,80,2,10
5492,2016,86,4,7
5493,2583,142,2,10
5494,2181,84,3,8
5495,1534,103,0,10
5496,2237,76,2,9
5497,1351,54,2,9
5498,2136,136,3,10
5499,2090,70,3,8
5500,2617,126,1,10
5501,2237,99,2,10
5502,2033,94,4,8
5503,1637,85,2,9
5504,2281,111,2,10
5505,2694,99,0,10
5506,2146,88,3,9
5507,1118,20,1,8
5508,2105,94,5,8
5509,2222,110,5,7
5510,2291,101,2,10
5511,2384,131,0,10
5512,1341,84,1,10
5513,2482,108,1,10
5514,2389,130,2,10
5515,2012,77,2,10
5516,2363,129,3,10
5517,2833,151,1,10
5518,3316,130,4,9
5519,2099,105,1,10
5520,2040,59,1,10
5521,2233,112,3,10
5522,2069,75,2,9
5523,1694,86,3,9
5524,1744,71,1,10
5525,2230,93,4,8
5526,2104,82,2,9
5527,2517,119,1,10
5528,2102,70,3,8
5529,2086,117,2,10
5530,2314,77,0,10
5531,2865,114,2,10
5532,2943,114,2,10
5533,1806,50,3,7
5534,2025,77,5,6
5535,2553,76,2,10
5536,1027,86,1,10
5537,1769,86,2,10
5538,2312,114,2,10
5539,2474,95,2,10
5540,2240,111,2,10
5541,2235,94,6,5
5542,1555,58,2,8
5543,1848,82,0,10
5544,2078,102,5,7
5545,1861,64,2,9
5546,1827,95,3,9
5547,2572,104,1,10
5548,2717,138,1,10
5549,2396,113,1,10
5550,2664,127,1,10
5551,1455,64,2,8
5552,2098,87,1,10
5553,2376,91,4,7
5554,2290,85,2,8
5555,1799,71,5,7
5556,1856,102,3,9
5557,1965,108,1,10
5558,1881,88,1,10
5559,1605,71,0,10
5560,2923,120,3,10
5561,2109,85,4,7
5562,2216,108,1,10
5563,2251,89,3,10
5564,2285,105,2,10
5565,2003,89,3,9
5566,2895,154,2,10
5567,2086,109,6,5
5568,2604,111,2,10
5569,2541,98,2,10
5570,2876,120,0,10
5571,1654,67,1,10
5572,2798,110,0,10
5573,1509,48,2,8
5574,1948,83,2,7
5575,2082,85,3,9
5576,2190,66,2,10
5577,1969,90,0,10
5578,1696,98,3,7
5579,2103,100,2,10
5580,1663,70,2,9
5581,2899,129,2,10
5582,2079,95,0,10
5583,1015,40,1,8
5584,2921,119,3,10
5585,876,30,2,7
5586,2586,119,2,10
5587,2217,97,2,9
5588,1942,109,1,10
5589,1672,65,0,10
5590,3276,153,2,10
5591,1911,77,4,7
5592,2133,64,3,9
5593,2419,121,1,10
5594,1840,71,4,6
5595,2165,80,1,10
5596,2491,83,1,10
5597,1835,115,2,10
5598,1992,108,1,10
5599,1865,107,2,10
5600,2658,135,1,10
5601,2885,155,0,10
5602,2185,125,2,10
5603,2099,104,1,10
5604,1579,75,2,10
5605,1828,88,3,8
5606,2046,73,2,10
5607,3123,124,2,10
5608,2777,136,5,10
5609,2377,99,0,10
5610,2203,107,4,8
5611,1459,98,6,7
5612,1810,77,3,8
5613,2411,109,4,9
5614,2199,66,4,7
5615,1958,69,2,9
5616,1923,95,3,8
5617,2518,97,0,10
5618,2422,87,4,6
5619,2178,109,4,10
5620,2088,103,3,10
5621,2397,114,3,10
5622,2190,103,1,10
5623,1864,96,2,10
5624,2483,132,4,10
5625,1830,82,2,10
5626,2474,111,2,10
5627,2336,116,2,10
5628,2061,112,1,10
5629,1215,39,3,7
5630,1427,70,1,10
5631,2339,107,1,10
5632,1484,89,2,8
5633,2639,98,3,8
5634,1382,58,1,10
5635,2033,109,5,6
5636,2114,104,2,10
5637,2914,118,1,10
5638,2590,120,0,10
5639,1719,96,1,10
5640,2728,139,2,10
5641,2379,136,4,10
5642,1787,72,5,6
5643,2776,100,3,9
5644,1880,88,3,10
5645,785,64,5,4
5646,1892,88,2,10
5647,2229,103,3,9
5648,2864,111,0,10
5649,1982,81,4,7
5650,1548,85,5,6
5651,2314,123,2,10
5652,1968,76,0,10
5653,2788,106,2,10
5654,3047,122,1,10
5655,1222,66,3,7
5656,2115,80,4,7
5657,1950,87,2,9
5658,1748,53,3,5
5659,2445,111,1,10
5660,2972,132,1,10
5661,2364,106,1,10
5662,2398,110,2,10
5663,1608,84,2,10
5664,1996,96,1,10
5665,2441,120,1,10
5666,3008,149,1,10
5667,2903,126,0,10
5668,2464,84,2,8
5669,1716,69,3,8
5670,2186,110,2,10
5671,1913,87,2,10
5672,2175,78,0,10
5673,2583,118,4,8
5674,1873,91,1,10
5675,2247,94,1,10
5676,1867,76,1,10
5677,2571,107,5,6
5678,2327,112,1,10
5679,2444,95,2,10
5680,2716,152,3,10
5681,2130,110,0,10
5682,1684,87,1,10
5683,2581,109,1,10
5684,2402,104,1,10
5685,2075,99,2,10
5686,2233,102,1,10
5687,1952,81,3,8
5688,2315,121,3,10
5689,1927,120,1,10
5690,2201,130,3,10
5691,1936,88,1,10
5692,2536,97,1,10
5693,2310,97,2,10
5694,2048,80,4,7
5695,2248,87,1,10
5696,1551,62,1,9
5697,1576,89,0,10
5698,1973,92,2,9
5699,1849,93,2,9
5700,1751,88,1,10
5701,1540,79,4,9
5702,2090,85,2,8
5703,2020,86,3,8
5704,1763,67,5,6
5705,2196,82,2,8
5706,2616,100,2,10
5707,1660,50,6,2
5708,2726,114,2,10
5709,1404,52,3,4
5710,2206,88,2,10
5711,2688,103,3,8
5712,2581,117,1,10
5713,2341,102,2,10
5714,2438,106,3,10
5715,2232,103,2,10
5716,2133,87,3,8
5717,1909,99,6,5
5718,1965,94,3,9
5719,2387,110,2,10
5720,1959,85,3,8
5721,2053,102,0,10
5722,2513,100,4,8
5723,1945,84,2,10
5724,2158,119,3,10
5725,2099,95,1,10
5726,2218,92,1,10
5727,1571,87,2,10
5728,2137,77,1,10
5729,2380,76,3,10
5730,2209,99,3,10
5731,2038,83,3,9
5732,2137,56,2,9
5733,1753,80,0,10
5734,2912,103,3,10
5735,3145,110,3,10
5736,2294,112,2,10
5737,2409,114,5,7
5738,1918,113,1,10
5739,3014,123,3,10
5740,1696,85,3,10
5741,2311,102,3,9
5742,2694,127,3,10
5743,2926,134,1,10
5744,1882,71,4,7
5745,2354,108,1,10
5746,1822,87,2,9
5747,1842,110,2,10
5748,1955,84,3,9
5749,2957,119,5,9
5750,2445,118,1,10
5751,1896,90,1,10
5752,2530,106,2,10
5753,1881,83,4,6
5754,2040,106,3,9
5755,3007,119,3,10
5756,3231,141,1,10
5757,1797,110,2,10
5758,2687,107,4,8
5759,2617,110,2,10
5760,2571,124,2,10
5761,1859,73,3,9
5762,2780,122,2,10
5763,1951,86,2,10
5764,2310,101,2,10
5765,2494,127,3,10
5766,1921,111,2,10
5767,2040,101,3,9
5768,1260,30,2,7
5769,1797,93,6,5
5770,2377,125,2,10
5771,2371,113,2,10
5772,2122,98,1,10
5773,2953,126,0,10
5774,1912,89,2,10
5775,3269,132,0,10
5776,1922,79,2,8
5777,1958,113,1,10
5778,2608,116,1,10
5779,845,40,1,9
5780,2043,92,3,7
5781,2026,97,4,6
5782,2837,109,2,10
5783,2165,111,1,10
5784,2666,134,1,10
5785,1689,84,4,8
5786,1811,86,2,10
5787,1733,106,5,7
5788,2346,119,2,10
5789,2327,100,1,10
5790,1904,104,4,8
5791,2126,69,2,10
5792,2536,92,1,10
5793,2254,91,2,10
5794,1520,72,1,10
5795,2337,101,3,9
5796,1763,86,2,9
5797,2806,122,1,10
5798,2013,96,1,10
5799,2082,81,2,10
5800,1999,86,5,5
5801,2373,95,4,7
5802,2337,126,2,10
5803,1961,70,2,9
5804,2531,115,2,10
5805,1931,88,4,8
5806,1723,55,0,10
5807,2344,91,1,10
5808,2440,126,2,10
5809,1205,68,5,6
5810,1723,63,3,8
5811,2622,86,1,10
5812,2497,129,1,10
5813,3032,151,1,10
5814,1549,60,1,10
5815,1677,99,2,9
5816,2807,113,1,10
5817,2076,105,2,9
5818,2573,83,1,10
5819,1940,79,1,10
5820,1869,78,2,10
5821,2204,79,4,5
5822,2593,115,1,10
5823,1816,91,4,10
5824,2016,100,4,10
5825,2269,108,0,10
5826,1830,104,3,9
5827,3185,137,1,10
5828,2445,105,2,10
5829,2374,118,2,10
5830,1900,96,3,10
5831,2043,84,3,8
5832,1781,68,1,10
5833,2504,127,3,10
5834,2100,96,5,5
5835,1722,76,2,10
5836,1506,75,3,6
5837,1377,67,3,9
5838,1427,47,1,9
5839,2115,100,4,7
5840,2796,139,5,9
5841,2068,74,2,9
5842,1863,73,5,6
5843,1704,65,0,10
5844,1285,83,1,10
5845,1886,89,2,10
5846,2261,108,1,10
5847,2109,92,3,10
5848,2722,119,1,10
5849,2041,64,2,9
5850,2631,118,3,10
5851,1823,79,2,9
5852,2579,123,0,10
5853,2601,95,4,8
5854,1935,85,1,10
5855,2287,72,2,10
5856,2235,96,2,10
5857,2491,106,2,10
5858,2749,111,2,10
5859,2835,145,2,10
5860,2019,95,2,10
5861,2156,100,1,10
5862,1731,61,1,9
5863,1998,86,3,7
5864,2593,102,2,10
5865,2627,111,3,10
5866,2153,129,2,10
5867,1583,69,3,7
5868,2297,82,2,9
5869,2708,121,1,10
5870,2106,88,3,7
5871,2818,110,2,10
5872,1645,94,0,10
5873,1993,85,2,10
5874,2990,114,2,9
5875,2756,98,3,7
5876,2854,94,2,10
5877,1756,112,1,10
5878,2831,104,2,10
5879,995,48,3,4
5880,2164,93,2,10
5881,2190,86,1,10
5882,2040,107,2,10
5883,1688,74,1,10
5884,1405,67,4,6
5885,2261,111,4,8
5886,2127,86,1,10
5887,2187,96,1,10
5888,2564,131,5,8
5889,2018,88,3,10
5890,1599,78,1,10
5891,2472,117,8,5
5892,2976,168,3,10
5893,2203,81,3,10
5894,2086,79,0,10
5895,2055,97,3,9
5896,2055,77,3,7
5897,2406,107,1,10
5898,3035,129,1,10
5899,2126,88,1,10
5900,1855,103,1,10
5901,2370,108,1,10
5902,2434,125,1,10
5903,1746,70,4,6
5904,2683,119,1,10
5905,2720,99,3,9
5906,2692,131,7,5
5907,2137,77,5,5
5908,2229,96,1,10
5909,1813,76,3,9
5910,2650,103,1,10
5911,1866,113,3,10
5912,1982,103,1,10
5913,2445,95,4,8
5914,2556,115,1,10
5915,1989,97,7,5
5916,1312,64,0,10
5917,2767,120,2,10
5918,2207,113,1,10
5919,3188,135,0,10
5920,2257,122,1,10
5921,1668,85,2,10
5922,2314,93,2,8
5923,1704,68,2,9
5924,2299,96,2,10
5925,2251,86,2,10
5926,2516,90,0,10
5927,2060,97,3,8
5928,1416,64,4,5
5929,1890,101,0,10
5930,1967,78,3,9
5931,1713,78,1,10
5932,2401,107,2,10
5933,1864,64,0,10
5934,1648,73,3,9
5935,1771,71,4,7
5936,1843,104,3,10
5937,2447,104,3,9
5938,2986,131,2,10
5939,2387,87,1,10
5940,2241,108,2,10
5941,2156,105,2,10
5942,2682,81,4,6
5943,2472,114,3,10
5944,2890,130,2,10
5945,2123,99,2,10
5946,2472,114,1,10
5947,2477,87,3,7
5948,3114,140,1,10
5949,2064,93,2,9
5950,2254,95,1,10
5951,3136,140,1,10
5952,2522,118,4,7
5953,2245,126,2,10
5954,2256,88,4,8
5955,2711,127,1,10
5956,2449,121,0,10
5957,2990,162,1,10
5958,2849,93,1,10
5959,2253,115,2,10
5960,1239,38,2,7
5961,2200,104,3,8
5962,1700,72,3,7
5963,1607,85,3,9
5964,1855,108,3,10
5965,1951,74,1,10
5966,2830,115,1,10
5967,1459,75,1,10
5968,2585,101,1,10
5969,1554,63,5,5
5970,2031,94,2,9
5971,3126,107,3,10
5972,1985,80,3,9
5973,1711,77,0,10
5974,1172,56,1,10
5975,2857,134,2,10
5976,1281,62,4,7
5977,1989,94,2,9
5978,2132,84,3,9
5979,1847,77,2,10
5980,2595,130,4,9
5981,2681,104,0,10
5982,2353,85,0,10
5983,1753,92,1,10
5984,2724,115,2,10
5985,1008,41,2,8
5986,2871,127,1,10
5987,2013,105,1,10
5988,1815,64,3,8
5989,1788,58,1,10
5990,2092,88,1,10
5991,2227,90,3,10
5992,1639,88,0,10
5993,2331,113,2,10
5994,2511,96,1,10
5995,1561,64,0,10
5996,2887,136,1,10
5997,1595,76,3,9
5998,2123,77,2,10
5999,2380,119,3,10
6000,2237,96,3,9
