User_ID,Stress_Level,Mood_Score,Anxiety_Score,Depression_Score,Motivation_Level
1001,2,10,1,1,9
1002,2,8,5,4,6
1003,6,7,5,5,5
1004,8,3,5,8,1
1005,9,2,6,5,5
1006,4,9,5,4,7
1007,7,6,3,2,6
1008,8,4,7,8,2
1009,8,4,3,4,4
1010,8,4,8,7,4
1011,7,4,5,3,4
1012,4,9,3,4,8
1013,7,4,6,3,4
1014,9,3,7,5,4
1015,5,5,4,3,7
1016,4,7,3,1,10
1017,9,3,7,4,5
1018,2,10,1,1,9
1019,4,8,3,3,6
1020,1,9,1,1,8
1021,1,9,1,3,9
1022,2,9,3,2,8
1023,7,5,6,4,7
1024,4,6,5,3,7
1025,3,8,3,2,9
1026,6,4,2,4,7
1027,3,8,2,3,6
1028,9,1,7,4,3
1029,4,9,2,4,6
1030,3,8,1,1,9
1031,7,3,6,5,6
1032,9,4,7,5,3
1033,6,7,4,3,7
1034,2,10,2,1,10
1035,1,10,2,1,10
1036,8,3,6,3,7
1037,1,9,1,1,10
1038,5,7,4,2,8
1039,4,6,3,3,9
1040,5,6,2,7,3
1041,8,3,5,2,7
1042,1,10,1,1,9
1043,6,5,3,3,6
1044,8,4,7,4,4
1045,8,4,8,7,3
1046,3,9,2,1,10
1047,6,5,5,2,8
1048,4,7,5,3,7
1049,5,8,4,1,9
1050,3,7,3,2,7
1051,8,5,6,7,1
1052,7,3,6,2,7
1053,1,10,1,1,8
1054,1,10,1,2,8
1055,7,3,5,4,5
1056,8,2,8,5,2
1057,10,1,8,7,2
1058,2,8,3,1,10
1059,3,7,3,1,9
1060,9,2,6,5,5
1061,9,2,7,3,5
1062,3,7,3,2,7
1063,5,7,5,1,8
1064,2,8,1,1,8
1065,3,8,4,4,6
1066,8,2,4,5,5
1067,7,4,5,1,6
1068,8,4,6,4,5
1069,1,10,1,1,9
1070,3,9,4,2,10
1071,10,1,8,5,3
1072,2,8,1,2,8
1073,6,4,3,5,4
1074,6,4,7,4,4
1075,4,9,3,3,6
1076,6,5,3,4,5
1077,3,7,2,3,6
1078,4,6,4,5,7
1079,8,4,4,3,6
1080,6,5,4,3,5
1081,7,4,4,2,5
1082,8,3,7,4,3
1083,5,7,3,2,6
1084,8,3,8,3,4
1085,3,8,4,1,10
1086,10,3,8,7,1
1087,3,9,3,1,10
1088,9,2,8,4,5
1089,5,7,3,5,6
1090,7,3,5,4,4
1091,2,9,1,1,9
1092,2,10,1,1,8
1093,1,10,2,2,8
1094,2,8,2,2,8
1095,2,10,4,1,8
1096,2,9,2,1,8
1097,6,7,4,1,6
1098,8,4,5,5,5
1099,7,3,5,1,9
1100,9,2,5,5,4
1101,3,9,1,1,8
1102,8,2,6,3,4
1103,8,4,7,5,5
1104,5,8,3,2,6
1105,2,10,2,1,8
1106,5,5,2,2,8
1107,9,3,7,1,7
1108,4,8,1,3,8
1109,5,6,4,2,8
1110,8,3,6,2,8
1111,4,7,3,2,6
1112,6,7,4,3,6
1113,7,3,4,5,4
1114,3,9,3,1,9
1115,1,10,3,3,7
1116,7,5,4,7,4
1117,2,9,2,1,10
1118,2,10,4,4,7
1119,10,2,8,5,4
1120,10,1,10,7,1
1121,9,3,7,3,4
1122,7,5,5,3,7
1123,9,3,7,5,3
1124,9,1,8,4,4
1125,3,7,2,2,9
1126,6,4,6,4,5
1127,6,5,4,4,5
1128,8,5,5,6,2
1129,2,10,1,1,8
1130,10,3,7,4,2
1131,7,4,7,7,4
1132,7,5,4,4,5
1133,3,8,2,3,8
1134,8,2,6,6,3
1135,2,9,1,1,9
1136,2,9,1,1,9
1137,7,5,7,2,8
1138,9,4,7,6,1
1139,1,10,1,1,10
1140,8,3,6,5,3
1141,2,10,1,2,8
1142,2,8,3,1,10
1143,7,5,6,6,2
1144,6,7,5,5,6
1145,5,6,4,3,7
1146,5,6,4,2,8
1147,8,5,6,5,4
1148,5,8,4,2,6
1149,5,5,2,1,7
1150,9,4,6,6,1
1151,6,7,4,5,4
1152,6,6,4,1,8
1153,4,6,1,1,7
1154,6,6,6,2,6
1155,2,8,1,1,10
1156,5,8,5,1,10
1157,2,9,1,1,9
1158,1,10,2,1,10
1159,5,7,5,3,7
1160,2,10,4,2,10
1161,4,9,4,4,5
1162,5,5,3,3,7
1163,4,8,4,1,8
1164,4,7,1,2,9
1165,2,10,2,2,9
1166,7,3,5,5,6
1167,7,3,3,3,7
1168,4,6,2,2,6
1169,7,5,7,6,4
1170,6,5,3,4,4
1171,4,8,3,2,8
1172,2,10,1,1,8
1173,6,4,5,1,9
1174,7,6,5,5,4
1175,6,7,1,7,5
1176,6,4,4,1,9
1177,9,4,8,5,4
1178,5,7,3,2,7
1179,9,4,6,4,5
1180,9,2,7,1,8
1181,2,9,1,1,10
1182,4,7,2,1,8
1183,3,8,2,4,7
1184,5,6,4,3,6
1185,5,8,5,3,8
1186,4,6,3,2,7
1187,1,9,1,1,10
1188,3,8,3,1,8
1189,8,3,6,6,5
1190,5,6,4,2,6
1191,2,10,1,1,8
1192,2,10,2,1,10
1193,1,10,1,1,10
1194,3,8,2,2,8
1195,6,5,6,4,4
1196,9,1,7,8,1
1197,7,3,3,6,3
1198,8,5,7,4,6
1199,4,7,4,4,8
1200,1,10,1,1,10
1201,6,7,6,3,8
1202,5,5,7,4,7
1203,2,9,3,1,8
1204,8,4,5,4,6
1205,6,5,5,2,6
1206,8,4,7,2,7
1207,5,5,5,3,7
1208,9,2,6,5,2
1209,5,6,5,2,9
1210,10,2,8,7,1
1211,3,10,3,1,10
1212,7,6,5,2,7
1213,6,5,5,4,5
1214,7,3,6,4,6
1215,6,5,3,4,7
1216,6,5,4,4,7
1217,5,6,4,3,8
1218,4,6,3,1,7
1219,10,1,6,6,2
1220,6,5,6,6,5
1221,4,6,4,3,9
1222,4,7,2,1,9
1223,5,7,3,1,7
1224,4,6,5,3,6
1225,8,4,5,7,2
1226,9,4,7,8,1
1227,5,6,4,3,7
1228,9,4,8,5,5
1229,9,2,7,3,7
1230,9,3,6,3,4
1231,2,8,2,3,9
1232,1,10,1,1,10
1233,6,6,4,6,3
1234,7,6,4,4,6
1235,3,8,3,1,9
1236,2,8,1,3,8
1237,8,2,6,5,5
1238,2,8,2,2,9
1239,6,5,5,3,5
1240,3,7,1,2,7
1241,3,7,2,4,5
1242,7,4,4,3,7
1243,6,5,3,6,4
1244,3,8,3,5,4
1245,7,3,6,5,6
1246,6,4,6,2,6
1247,4,6,1,1,10
1248,6,5,4,4,4
1249,2,8,1,1,8
1250,5,5,6,4,4
1251,3,9,1,2,7
1252,5,7,3,1,9
1253,6,4,6,3,6
1254,5,5,6,3,6
1255,2,8,1,1,10
1256,5,5,4,1,8
1257,10,3,6,7,1
1258,7,6,7,5,3
1259,5,5,5,1,9
1260,10,3,7,5,5
1261,4,6,2,7,2
1262,1,10,1,2,10
1263,7,4,5,3,4
1264,5,6,2,4,4
1265,10,2,7,4,2
1266,8,2,7,6,3
1267,5,5,3,2,6
1268,8,2,6,3,7
1269,8,4,5,3,7
1270,2,10,1,3,6
1271,6,7,4,1,6
1272,5,8,4,1,10
1273,8,4,7,4,5
1274,1,10,1,1,8
1275,6,7,6,4,5
1276,4,7,1,1,9
1277,10,1,7,4,5
1278,6,4,2,4,7
1279,9,2,8,5,2
1280,2,8,1,1,10
1281,10,1,7,5,4
1282,8,3,6,5,3
1283,8,2,4,5,2
1284,9,4,5,5,2
1285,2,10,3,1,8
1286,2,9,2,1,10
1287,1,10,1,1,10
1288,5,8,5,2,6
1289,2,10,2,1,8
1290,9,3,7,4,4
1291,5,5,2,4,4
1292,7,5,4,4,5
1293,3,9,4,2,9
1294,10,2,6,7,2
1295,8,5,5,3,4
1296,10,1,6,4,4
1297,6,4,4,3,8
1298,6,7,4,1,8
1299,8,4,6,2,6
1300,7,3,2,4,6
1301,9,4,7,7,1
1302,7,6,6,4,6
1303,4,7,4,4,7
1304,4,8,2,1,10
1305,7,3,7,1,6
1306,9,2,7,5,3
1307,1,9,1,1,10
1308,5,7,5,3,6
1309,4,7,2,1,8
1310,10,2,9,4,2
1311,4,6,3,3,9
1312,2,10,1,3,9
1313,5,8,4,4,5
1314,6,5,6,6,5
1315,9,4,6,4,6
1316,6,4,4,3,8
1317,5,6,4,3,7
1318,7,6,4,2,8
1319,2,10,1,2,10
1320,6,4,4,4,4
1321,6,4,5,3,5
1322,9,3,6,3,4
1323,8,2,8,4,4
1324,8,3,6,4,4
1325,9,2,6,3,7
1326,10,1,9,5,5
1327,4,8,4,1,7
1328,6,4,7,1,7
1329,4,8,3,3,7
1330,9,3,7,5,4
1331,9,1,7,6,4
1332,1,10,1,1,10
1333,1,9,1,1,9
1334,6,7,4,3,7
1335,2,10,1,1,10
1336,7,4,5,4,7
1337,3,8,2,1,10
1338,3,10,1,2,8
1339,9,3,7,5,4
1340,1,10,2,1,8
1341,8,4,5,4,4
1342,2,8,2,3,8
1343,7,4,5,4,5
1344,5,8,4,3,5
1345,8,2,7,5,3
1346,3,9,4,1,8
1347,8,2,5,4,3
1348,7,6,6,3,7
1349,6,7,7,7,5
1350,5,8,3,7,3
1351,3,8,2,1,10
1352,7,6,5,2,6
1353,6,6,6,3,8
1354,9,1,6,6,3
1355,5,6,7,4,5
1356,8,5,7,7,2
1357,2,10,1,3,7
1358,10,2,10,5,3
1359,4,9,1,3,8
1360,4,8,2,2,8
1361,6,4,4,1,8
1362,5,5,4,4,6
1363,3,10,2,2,10
1364,2,10,2,2,8
1365,9,4,6,7,3
1366,1,10,2,1,8
1367,5,5,4,1,10
1368,2,8,3,1,10
1369,5,6,4,4,6
1370,5,7,3,2,7
1371,8,4,7,2,5
1372,6,4,5,2,7
1373,4,6,2,1,9
1374,10,1,9,6,1
1375,7,3,3,3,7
1376,2,10,1,1,10
1377,7,4,5,4,7
1378,8,5,6,1,6
1379,3,10,4,1,9
1380,4,9,3,2,7
1381,2,9,1,1,10
1382,6,5,4,5,5
1383,7,5,7,5,4
1384,9,2,7,5,4
1385,6,7,5,5,5
1386,4,7,4,4,8
1387,9,4,9,6,1
1388,8,4,7,5,5
1389,8,2,6,4,4
1390,6,4,4,3,8
1391,6,6,4,4,6
1392,3,9,3,2,8
1393,2,8,1,1,10
1394,10,3,7,6,1
1395,4,7,5,5,5
1396,9,2,6,3,6
1397,9,1,6,5,2
1398,10,1,9,7,3
1399,8,3,6,4,5
1400,9,4,7,8,2
1401,4,6,6,1,10
1402,10,1,7,6,2
1403,7,6,6,1,8
1404,5,6,3,1,8
1405,3,9,2,1,8
1406,8,5,6,5,2
1407,5,6,1,3,5
1408,4,6,4,3,6
1409,8,4,7,3,4
1410,2,9,2,1,9
1411,2,9,2,1,8
1412,3,7,1,1,9
1413,9,1,8,6,4
1414,8,2,4,5,3
1415,2,10,1,2,8
1416,6,5,5,2,8
1417,6,5,3,6,4
1418,2,8,2,1,10
1419,10,1,10,5,4
1420,9,3,6,5,4
1421,1,10,2,1,8
1422,6,7,2,3,5
1423,6,4,6,4,7
1424,7,5,5,4,7
1425,9,2,6,8,1
1426,8,2,5,6,4
1427,3,7,1,3,8
1428,3,10,2,1,9
1429,3,7,1,1,10
1430,9,2,5,6,1
1431,7,6,4,5,6
1432,7,5,6,2,5
1433,7,6,3,3,4
1434,8,2,5,4,4
1435,7,4,7,2,5
1436,3,9,2,1,10
1437,3,7,3,2,7
1438,4,6,3,3,8
1439,4,7,4,2,7
1440,6,7,5,3,5
1441,8,2,7,2,6
1442,8,4,7,6,4
1443,6,4,3,3,8
1444,8,3,7,4,3
1445,9,2,7,5,5
1446,8,4,4,5,3
1447,6,6,4,4,7
1448,3,7,2,4,8
1449,5,5,3,2,6
1450,7,3,6,5,4
1451,2,9,2,3,9
1452,7,5,8,5,3
1453,9,1,7,4,5
1454,5,7,2,4,6
1455,5,8,4,3,6
1456,9,4,9,6,4
1457,6,7,3,5,6
1458,9,3,6,6,4
1459,6,7,3,2,9
1460,2,9,1,1,10
1461,4,9,4,4,5
1462,4,6,2,2,9
1463,8,4,6,4,6
1464,5,6,5,1,7
1465,7,4,4,5,4
1466,4,6,2,1,7
1467,8,4,5,5,5
1468,10,3,5,4,3
1469,5,5,3,4,4
1470,5,7,2,3,5
1471,3,9,2,4,8
1472,1,10,2,2,9
1473,5,5,2,2,9
1474,9,1,9,3,4
1475,6,5,6,3,6
1476,6,5,4,6,5
1477,8,3,5,5,3
1478,2,10,1,1,10
1479,10,2,10,9,1
1480,5,6,4,3,7
1481,5,6,2,2,7
1482,2,10,1,1,10
1483,9,3,5,7,1
1484,9,1,5,6,1
1485,6,6,5,1,7
1486,7,5,4,2,5
1487,4,8,4,3,6
1488,8,4,8,3,5
1489,2,8,5,1,10
1490,1,9,1,2,8
1491,5,6,1,4,6
1492,5,5,5,5,5
1493,8,5,6,5,2
1494,2,9,1,1,10
1495,4,7,3,2,9
1496,8,2,5,6,3
1497,5,5,5,6,6
1498,7,3,5,5,4
1499,3,9,3,3,9
1500,3,7,2,2,10
1501,5,7,5,2,9
1502,2,10,1,1,10
1503,3,9,1,1,10
1504,6,7,5,4,4
1505,4,8,5,1,7
1506,7,4,5,3,4
1507,9,1,9,5,2
1508,4,6,5,2,7
1509,7,6,6,4,6
1510,4,6,5,1,10
1511,5,5,3,2,7
1512,7,3,8,5,3
1513,3,10,1,5,6
1514,6,6,1,3,7
1515,7,4,5,2,7
1516,8,3,7,5,3
1517,5,5,4,1,7
1518,2,8,1,1,10
1519,10,2,7,6,3
1520,6,5,3,3,7
1521,2,8,1,1,9
1522,9,3,8,7,1
1523,8,4,7,7,1
1524,3,7,2,5,7
1525,4,9,2,3,9
1526,5,5,3,1,9
1527,3,9,2,3,6
1528,9,1,6,4,5
1529,8,4,6,3,5
1530,3,10,3,1,8
1531,4,7,4,4,5
1532,5,5,4,2,9
1533,9,2,5,1,7
1534,4,7,3,4,5
1535,4,7,3,3,9
1536,1,9,1,2,8
1537,3,9,2,2,8
1538,5,6,5,3,8
1539,7,3,5,3,6
1540,5,7,3,5,4
1541,3,8,2,2,7
1542,8,3,5,6,4
1543,5,7,5,3,8
1544,8,4,7,4,6
1545,1,10,1,3,8
1546,1,10,1,1,10
1547,4,6,1,1,8
1548,8,5,5,4,6
1549,6,7,4,2,6
1550,9,4,5,4,3
1551,8,5,7,4,5
1552,3,9,3,2,8
1553,7,6,6,3,6
1554,8,2,5,4,5
1555,2,8,1,1,8
1556,4,8,2,2,6
1557,9,4,6,4,5
1558,1,10,2,1,10
1559,7,4,7,3,4
1560,2,8,2,1,10
1561,9,2,6,3,7
1562,2,8,3,1,10
1563,7,4,4,4,4
1564,5,5,3,2,9
1565,8,2,5,3,6
1566,4,7,4,3,7
1567,7,6,6,1,7
1568,6,4,5,3,5
1569,2,10,1,1,10
1570,3,9,2,1,8
1571,9,3,6,9,2
1572,9,2,8,6,2
1573,6,6,6,4,6
1574,6,6,6,2,8
1575,2,8,2,1,8
1576,7,4,3,6,2
1577,7,4,6,7,2
1578,5,6,5,2,8
1579,5,6,2,1,9
1580,7,4,4,4,7
1581,2,8,1,3,9
1582,7,4,5,5,5
1583,4,7,5,1,8
1584,2,9,3,1,9
1585,7,4,6,5,6
1586,1,10,2,1,10
1587,4,8,3,3,8
1588,7,5,3,4,4
1589,6,6,6,4,5
1590,8,3,6,7,4
1591,1,9,2,4,7
1592,2,10,3,1,9
1593,6,4,2,6,2
1594,9,3,7,5,5
1595,6,5,4,5,5
1596,6,4,7,1,6
1597,2,9,2,3,9
1598,9,2,7,6,3
1599,8,4,6,3,5
1600,5,5,6,2,8
1601,8,2,6,4,4
1602,3,10,3,3,6
1603,2,9,3,1,10
1604,9,3,7,7,1
1605,8,3,6,1,7
1606,2,10,3,1,8
1607,8,5,6,5,5
1608,10,3,8,5,3
1609,3,10,1,2,8
1610,2,9,4,1,10
1611,7,5,4,7,3
1612,10,2,7,6,1
1613,9,4,6,4,6
1614,6,4,3,5,5
1615,4,7,5,2,8
1616,10,1,7,9,1
1617,5,5,2,2,8
1618,3,9,1,1,8
1619,5,5,3,1,10
1620,5,8,5,3,6
1621,5,5,2,2,9
1622,7,4,5,2,5
1623,8,4,7,7,4
1624,6,4,3,6,4
1625,9,4,5,5,3
1626,1,9,4,1,10
1627,7,4,5,1,9
1628,7,6,8,5,3
1629,8,2,6,1,8
1630,8,4,6,6,2
1631,2,10,4,5,7
1632,4,7,2,3,6
1633,1,10,1,1,9
1634,2,8,1,1,10
1635,1,10,2,1,10
1636,1,10,1,1,8
1637,10,3,8,5,4
1638,9,1,7,6,3
1639,7,4,9,4,6
1640,8,3,8,2,7
1641,2,10,1,2,10
1642,5,5,4,3,7
1643,2,8,2,1,8
1644,4,7,2,1,7
1645,7,5,7,2,6
1646,7,4,7,4,7
1647,9,2,7,4,3
1648,3,7,3,2,10
1649,8,4,6,2,5
1650,6,4,3,4,5
1651,2,8,2,3,9
1652,9,1,6,8,2
1653,2,10,2,2,9
1654,2,10,1,3,7
1655,6,5,2,3,7
1656,5,8,3,2,6
1657,9,3,4,2,4
1658,10,2,10,4,2
1659,6,5,8,4,6
1660,4,8,2,3,7
1661,9,3,5,5,3
1662,7,5,4,4,7
1663,2,8,1,1,10
1664,4,8,4,3,7
1665,6,6,3,1,6
1666,5,5,4,4,4
1667,9,3,7,3,7
1668,5,5,5,1,7
1669,1,10,2,1,10
1670,6,5,5,1,8
1671,9,1,6,5,3
1672,3,7,2,3,8
1673,6,4,5,1,8
1674,2,10,3,1,10
1675,1,9,1,1,8
1676,7,5,6,5,5
1677,7,5,6,4,7
1678,9,4,7,6,2
1679,3,7,1,1,8
1680,7,3,7,2,5
1681,10,2,7,4,4
1682,9,3,7,4,3
1683,4,9,1,4,8
1684,6,5,3,1,6
1685,7,4,5,3,5
1686,2,10,1,1,8
1687,7,4,3,5,6
1688,9,2,6,6,2
1689,6,4,5,1,7
1690,3,9,2,1,9
1691,5,6,5,2,9
1692,6,4,4,1,8
1693,6,6,3,4,5
1694,2,10,1,3,9
1695,9,1,5,10,1
1696,2,9,1,1,10
1697,1,9,1,3,7
1698,9,2,6,6,3
1699,8,5,7,4,5
1700,2,10,1,1,10
1701,3,9,1,2,7
1702,5,6,3,3,7
1703,5,6,4,3,5
1704,8,2,6,5,5
1705,3,9,2,4,8
1706,8,2,8,4,3
1707,6,5,7,3,7
1708,7,6,2,4,7
1709,8,4,7,2,5
1710,4,7,1,1,7
1711,6,4,4,4,4
1712,4,9,1,3,7
1713,10,1,6,4,4
1714,2,10,1,1,9
1715,6,7,3,4,4
1716,2,9,1,3,6
1717,4,6,2,3,8
1718,8,4,5,3,4
1719,3,7,3,2,10
1720,7,4,4,5,3
1721,4,8,3,4,5
1722,6,6,1,3,7
1723,1,10,1,1,10
1724,8,2,7,6,3
1725,5,8,4,3,7
1726,6,5,3,3,5
1727,2,10,2,2,7
1728,10,1,8,7,3
1729,8,2,7,3,7
1730,6,7,5,3,5
1731,4,6,1,1,9
1732,10,1,8,6,1
1733,10,1,7,4,3
1734,10,2,7,5,3
1735,6,4,4,3,5
1736,8,3,4,6,4
1737,7,5,4,4,4
1738,7,6,7,3,5
1739,5,7,3,5,7
1740,8,5,8,5,4
1741,7,3,6,6,5
1742,6,7,6,4,5
1743,7,5,4,6,5
1744,9,3,7,5,2
1745,7,4,6,5,5
1746,6,7,2,4,4
1747,7,3,4,3,4
1748,6,7,6,3,7
1749,6,5,4,3,7
1750,5,8,4,2,6
1751,6,6,3,4,5
1752,9,4,8,5,3
1753,8,4,6,6,3
1754,5,6,3,3,5
1755,6,4,4,3,7
1756,3,9,3,1,8
1757,5,8,5,4,5
1758,2,9,2,3,9
1759,5,5,4,3,8
1760,7,3,7,4,7
1761,8,5,7,1,8
1762,10,1,7,8,1
1763,4,8,4,1,7
1764,1,9,1,1,9
1765,3,9,2,4,5
1766,7,3,6,4,5
1767,6,5,6,5,5
1768,3,7,2,1,8
1769,8,4,8,2,8
1770,4,7,1,2,7
1771,5,6,1,4,4
1772,3,8,1,2,7
1773,3,7,4,2,9
1774,4,8,5,1,9
1775,4,7,3,2,9
1776,5,7,4,3,7
1777,3,10,5,4,5
1778,9,4,7,6,2
1779,2,10,1,1,9
1780,5,7,4,2,9
1781,8,2,6,4,4
1782,2,10,2,1,10
1783,10,1,8,8,1
1784,4,7,4,2,8
1785,7,5,6,5,5
1786,9,1,8,4,5
1787,6,6,5,6,5
1788,8,4,6,3,4
1789,10,1,6,7,2
1790,5,6,4,2,6
1791,7,5,7,6,5
1792,5,8,3,1,10
1793,4,7,2,4,7
1794,4,8,5,3,6
1795,6,6,5,1,7
1796,3,9,1,3,8
1797,4,7,1,2,8
1798,2,10,1,1,9
1799,2,8,1,1,9
1800,5,5,2,4,4
1801,9,2,6,3,7
1802,2,10,3,1,8
1803,3,8,1,2,7
1804,8,3,6,4,5
1805,2,10,2,1,8
1806,2,10,2,1,10
1807,1,10,1,3,8
1808,4,8,1,2,9
1809,6,7,6,1,8
1810,9,3,7,5,3
1811,1,9,1,1,9
1812,5,6,4,4,5
1813,10,3,6,5,2
1814,4,6,2,2,9
1815,5,5,3,5,4
1816,3,7,1,4,5
1817,7,5,5,5,5
1818,9,4,7,3,4
1819,3,9,3,1,10
1820,9,4,8,4,4
1821,4,6,5,2,6
1822,3,9,1,3,6
1823,9,4,10,6,1
1824,6,5,3,6,3
1825,4,7,1,2,7
1826,5,8,4,1,7
1827,7,3,6,3,4
1828,2,10,3,2,7
1829,9,2,8,10,1
1830,5,7,1,2,8
1831,4,7,4,3,9
1832,2,10,2,2,7
1833,9,1,8,4,3
1834,9,4,8,5,5
1835,3,7,1,1,9
1836,7,3,5,4,6
1837,3,7,3,2,7
1838,5,7,3,2,8
1839,6,6,5,3,5
1840,6,4,5,6,4
1841,2,10,3,1,9
1842,8,4,5,3,5
1843,5,7,4,2,6
1844,9,2,7,5,5
1845,2,8,1,1,8
1846,3,9,3,3,8
1847,3,9,4,2,7
1848,4,7,2,2,6
1849,8,3,4,6,2
1850,1,10,1,1,10
1851,1,10,1,2,8
1852,9,3,8,2,4
1853,8,5,6,4,4
1854,8,4,7,5,4
1855,4,6,3,4,7
1856,6,7,2,3,8
1857,7,3,5,6,5
1858,6,4,5,4,7
1859,8,2,5,3,4
1860,10,1,6,3,3
1861,8,3,3,7,4
1862,1,10,1,3,10
1863,7,6,6,5,4
1864,3,8,2,1,10
1865,3,9,2,1,10
1866,3,9,2,2,9
1867,5,7,2,2,6
1868,6,6,5,1,9
1869,4,6,3,4,5
1870,4,9,3,4,5
1871,9,2,6,2,6
1872,5,6,3,3,6
1873,6,5,4,6,4
1874,5,8,4,4,7
1875,1,9,2,2,10
1876,8,5,5,2,8
1877,9,1,6,4,3
1878,6,6,5,3,8
1879,3,7,1,4,8
1880,8,5,7,5,3
1881,9,4,8,6,4
1882,4,8,4,6,3
1883,9,4,6,7,3
1884,9,3,6,7,3
1885,2,10,2,2,10
1886,4,7,6,4,6
1887,8,2,3,5,4
1888,8,5,6,5,5
1889,2,10,2,1,10
1890,1,9,1,1,9
1891,8,5,5,4,3
1892,9,3,7,5,2
1893,1,10,2,1,9
1894,5,7,3,3,6
1895,9,2,6,4,4
1896,7,4,5,5,3
1897,5,5,3,5,4
1898,8,3,9,3,6
1899,5,7,3,1,8
1900,3,9,4,2,8
1901,2,8,2,1,10
1902,2,10,1,1,9
1903,3,7,4,4,7
1904,8,4,6,2,7
1905,9,3,5,8,3
1906,8,3,5,2,7
1907,1,9,3,1,8
1908,9,2,7,7,3
1909,8,2,7,2,5
1910,6,5,4,3,7
1911,3,7,2,1,8
1912,7,6,6,5,5
1913,2,8,2,1,10
1914,5,6,4,2,7
1915,5,6,2,3,8
1916,5,6,6,2,8
1917,2,8,1,1,10
1918,8,4,8,5,3
1919,9,1,7,5,3
1920,8,3,5,5,4
1921,6,7,5,2,7
1922,1,10,2,1,10
1923,2,8,3,1,10
1924,7,4,4,3,7
1925,6,6,4,4,7
1926,8,2,5,4,5
1927,7,4,6,6,5
1928,6,6,6,5,4
1929,9,1,5,3,6
1930,2,10,2,1,8
1931,3,9,4,1,8
1932,5,8,5,3,8
1933,4,6,4,1,7
1934,2,8,1,2,9
1935,2,8,3,5,8
1936,3,7,2,2,10
1937,3,9,4,1,9
1938,5,8,3,3,6
1939,8,3,4,5,2
1940,6,4,7,2,7
1941,6,7,7,2,9
1942,8,2,5,4,5
1943,4,9,1,1,9
1944,7,6,3,6,2
1945,9,1,6,4,6
1946,2,10,1,1,10
1947,4,9,3,3,7
1948,9,3,7,7,3
1949,4,8,2,4,6
1950,9,1,5,5,2
1951,8,5,5,5,5
1952,7,4,4,5,6
1953,1,10,1,1,9
1954,9,1,7,3,6
1955,5,7,3,4,7
1956,9,4,7,6,3
1957,4,6,4,1,10
1958,2,10,4,1,8
1959,2,9,1,1,8
1960,8,3,6,3,7
1961,9,2,7,5,3
1962,6,4,6,1,7
1963,8,4,5,4,4
1964,3,7,3,1,9
1965,8,2,8,4,3
1966,6,4,4,3,8
1967,5,6,2,4,5
1968,2,10,4,2,9
1969,8,5,5,4,3
1970,7,4,7,6,5
1971,6,7,6,4,7
1972,7,6,3,4,5
1973,5,7,3,4,7
1974,6,7,5,4,6
1975,9,1,7,5,2
1976,3,9,1,1,10
1977,9,1,8,3,5
1978,1,10,1,1,10
1979,3,7,4,5,6
1980,8,2,7,1,7
1981,10,1,7,4,2
1982,2,9,1,1,9
1983,4,6,3,5,6
1984,7,4,5,2,7
1985,5,6,4,1,10
1986,2,10,2,1,10
1987,1,10,2,1,8
1988,10,2,8,4,3
1989,9,4,7,3,5
1990,5,6,3,5,4
1991,9,1,5,6,1
1992,4,6,4,1,10
1993,5,7,4,2,6
1994,2,8,1,5,5
1995,6,7,3,1,6
1996,4,9,3,1,10
1997,7,4,6,3,6
1998,10,1,9,5,2
1999,4,6,5,1,10
2000,7,4,5,2,5
2001,4,7,2,1,10
2002,3,7,3,3,8
2003,7,4,5,4,5
2004,9,1,7,4,5
2005,4,6,3,1,10
2006,8,2,6,5,3
2007,7,5,2,3,7
2008,9,2,7,3,4
2009,7,3,4,4,6
2010,4,6,2,1,10
2011,5,8,1,3,8
2012,4,8,1,3,9
2013,7,5,6,2,6
2014,7,6,5,5,6
2015,6,7,4,4,6
2016,8,2,6,4,6
2017,4,6,1,2,8
2018,2,10,2,1,8
2019,8,2,6,4,6
2020,6,6,5,1,8
2021,9,1,7,3,7
2022,8,2,3,4,5
2023,9,4,5,7,1
2024,7,6,6,4,7
2025,5,8,5,3,8
2026,4,8,5,1,9
2027,8,4,8,6,4
2028,6,7,3,2,8
2029,4,7,4,2,9
2030,9,2,5,4,6
2031,2,10,2,3,7
2032,5,5,4,6,3
2033,6,5,3,4,7
2034,7,4,4,2,5
2035,9,3,6,5,3
2036,7,3,6,4,7
2037,4,7,4,3,7
2038,7,5,5,3,7
2039,7,4,8,1,7
2040,4,6,1,1,10
2041,2,9,4,1,8
2042,5,5,5,1,7
2043,6,7,5,4,4
2044,6,4,7,3,6
2045,1,10,1,3,10
2046,8,2,4,6,5
2047,7,3,7,3,6
2048,6,4,4,2,6
2049,3,8,1,4,6
2050,7,3,5,3,7
2051,2,10,1,1,10
2052,7,5,5,4,6
2053,8,2,6,7,2
2054,7,6,5,2,7
2055,8,5,6,6,3
2056,1,9,1,1,9
2057,8,4,6,5,4
2058,5,8,4,1,8
2059,9,4,6,6,4
2060,6,6,5,3,5
2061,2,10,1,1,9
2062,5,8,4,3,8
2063,2,10,2,2,9
2064,7,4,4,1,9
2065,5,6,4,3,8
2066,10,2,8,4,5
2067,3,7,2,3,6
2068,9,2,5,5,3
2069,9,2,7,3,4
2070,2,9,2,1,10
2071,10,2,7,8,2
2072,2,9,1,1,8
2073,9,3,6,7,2
2074,9,3,6,5,5
2075,9,3,5,5,5
2076,3,10,3,1,9
2077,10,1,9,3,4
2078,5,5,2,3,5
2079,7,4,6,4,6
2080,7,5,5,4,5
2081,4,9,2,4,8
2082,4,6,4,4,5
2083,4,7,3,1,9
2084,6,6,4,2,7
2085,8,3,5,4,6
2086,5,8,3,5,4
2087,6,6,5,3,6
2088,2,8,2,1,9
2089,9,1,7,4,3
2090,4,9,2,1,10
2091,10,1,7,5,3
2092,3,10,2,3,8
2093,7,4,7,4,5
2094,6,7,4,2,8
2095,3,7,1,2,10
2096,9,2,5,5,5
2097,6,6,6,2,8
2098,4,8,4,5,5
2099,4,9,2,4,7
2100,5,7,4,1,10
2101,6,4,3,6,2
2102,2,10,1,2,9
2103,3,9,4,3,9
2104,5,8,5,3,5
2105,4,6,3,2,9
2106,8,5,3,4,5
2107,8,3,6,5,5
2108,3,10,2,1,10
2109,3,8,2,1,9
2110,7,4,4,4,6
2111,8,5,7,4,6
2112,1,10,1,1,9
2113,9,1,8,5,4
2114,3,9,3,3,8
2115,9,2,6,4,3
2116,2,10,3,1,8
2117,1,10,1,1,10
2118,7,5,5,3,6
2119,3,9,4,2,8
2120,5,8,2,2,6
2121,9,2,7,7,3
2122,10,3,8,4,5
2123,1,10,1,1,8
2124,4,7,3,1,9
2125,5,8,3,2,7
2126,5,5,4,3,5
2127,5,8,3,3,8
2128,3,8,5,1,10
2129,7,5,5,5,5
2130,6,6,2,3,6
2131,9,1,7,3,7
2132,3,9,4,2,8
2133,3,10,2,2,10
2134,4,6,2,2,7
2135,3,7,1,1,8
2136,8,2,6,5,4
2137,7,4,7,6,2
2138,7,5,6,3,5
2139,2,10,2,4,6
2140,9,3,6,7,1
2141,10,2,7,5,2
2142,3,9,2,1,10
2143,3,8,2,6,5
2144,9,2,5,3,6
2145,7,6,6,3,5
2146,9,2,8,4,3
2147,4,6,5,1,9
2148,6,7,4,5,4
2149,9,3,6,6,4
2150,5,5,4,3,5
2151,6,6,5,5,4
2152,9,4,6,5,4
2153,9,1,6,6,1
2154,7,4,8,6,4
2155,10,1,5,6,3
2156,9,1,6,10,1
2157,2,10,1,1,9
2158,7,5,5,2,8
2159,6,5,3,4,6
2160,6,5,7,6,2
2161,2,10,1,2,10
2162,3,8,3,1,9
2163,4,6,5,3,7
2164,2,10,2,1,10
2165,5,8,4,2,6
2166,8,4,6,7,1
2167,9,4,6,7,1
2168,4,9,3,4,7
2169,7,4,8,5,4
2170,8,4,7,8,2
2171,7,6,5,5,3
2172,4,8,5,1,9
2173,8,2,6,5,3
2174,3,8,4,2,10
2175,5,8,5,3,7
2176,1,10,1,1,9
2177,5,5,3,2,8
2178,7,5,6,4,6
2179,6,6,7,3,8
2180,2,10,1,1,9
2181,4,6,4,4,6
2182,2,9,1,1,9
2183,5,8,4,1,9
2184,2,9,2,1,10
2185,2,9,1,1,8
2186,5,5,3,5,4
2187,2,10,2,2,10
2188,4,9,4,3,6
2189,3,9,3,1,8
2190,6,7,5,4,6
2191,10,1,10,7,1
2192,2,8,3,1,10
2193,7,5,4,4,6
2194,2,8,1,2,9
2195,4,7,2,4,7
2196,2,10,1,1,9
2197,4,8,3,1,10
2198,6,7,6,3,5
2199,2,10,1,2,9
2200,9,3,6,6,2
2201,4,7,3,1,8
2202,7,5,4,1,9
2203,2,8,1,3,7
2204,8,3,5,3,4
2205,3,10,3,4,7
2206,2,9,1,2,9
2207,2,8,2,1,8
2208,3,8,2,3,7
2209,9,1,7,7,3
2210,4,7,4,2,9
2211,6,5,5,2,7
2212,2,8,1,1,8
2213,5,7,4,5,7
2214,3,8,3,1,10
2215,7,4,6,3,4
2216,8,5,7,4,3
2217,9,1,6,4,4
2218,7,5,6,4,6
2219,3,10,3,1,9
2220,5,5,3,5,6
2221,3,7,3,4,5
2222,9,3,7,2,4
2223,6,4,5,3,8
2224,2,10,1,3,9
2225,6,6,2,4,4
2226,4,6,2,4,6
2227,9,2,6,4,4
2228,8,5,7,2,8
2229,4,7,1,2,9
2230,8,2,5,5,2
2231,3,7,2,3,7
2232,2,9,2,1,10
2233,6,4,3,6,2
2234,3,7,5,3,8
2235,4,9,5,1,7
2236,6,4,4,1,6
2237,10,3,8,7,1
2238,9,3,7,5,5
2239,4,6,1,3,7
2240,9,3,7,6,4
2241,5,7,4,2,7
2242,6,6,5,2,9
2243,6,6,5,4,4
2244,5,8,2,3,6
2245,1,10,1,1,10
2246,6,7,5,3,5
2247,5,5,5,1,10
2248,8,3,5,8,1
2249,3,10,2,3,7
2250,5,5,4,2,8
2251,3,7,2,2,9
2252,8,4,7,3,7
2253,7,5,4,4,4
2254,7,3,4,4,6
2255,5,6,4,4,7
2256,7,5,9,2,8
2257,7,6,5,3,5
2258,5,6,5,3,7
2259,4,8,2,1,7
2260,5,6,3,3,5
2261,8,3,5,1,7
2262,6,5,4,2,9
2263,10,1,6,7,1
2264,4,8,4,3,9
2265,3,10,3,1,10
2266,2,8,1,1,8
2267,7,6,5,7,3
2268,7,4,7,6,4
2269,3,8,3,1,10
2270,8,4,4,5,4
2271,3,10,2,1,10
2272,5,5,4,2,7
2273,7,5,6,3,6
2274,6,7,6,3,8
2275,4,9,2,3,8
2276,5,6,4,2,7
2277,8,4,6,3,4
2278,10,1,6,4,3
2279,3,7,4,1,9
2280,2,9,6,3,7
2281,6,6,2,1,7
2282,6,4,5,1,6
2283,6,4,3,5,6
2284,5,8,5,1,7
2285,6,5,2,5,4
2286,8,4,6,5,2
2287,4,7,4,3,8
2288,3,9,4,1,10
2289,7,6,5,6,2
2290,5,5,3,3,5
2291,7,5,5,3,5
2292,8,5,5,5,4
2293,2,8,2,1,10
2294,3,10,2,1,9
2295,8,4,5,6,3
2296,8,2,5,3,6
2297,1,9,1,1,10
2298,7,3,5,5,6
2299,6,5,3,4,7
2300,8,3,5,5,3
2301,5,8,2,2,6
2302,7,4,6,2,5
2303,7,3,6,5,5
2304,2,8,3,1,10
2305,6,7,4,3,8
2306,8,5,6,3,5
2307,8,2,5,2,8
2308,8,2,5,3,6
2309,8,5,8,4,6
2310,2,10,1,1,9
2311,6,7,5,5,6
2312,3,9,4,1,9
2313,8,2,8,4,5
2314,9,1,7,3,4
2315,5,6,3,3,7
2316,7,5,6,3,6
2317,3,10,3,1,10
2318,4,6,2,2,7
2319,9,2,6,6,2
2320,4,9,2,3,6
2321,7,4,4,3,4
2322,6,6,7,3,7
2323,9,3,4,8,2
2324,1,10,1,1,8
2325,3,7,3,2,7
2326,6,5,5,4,5
2327,5,7,4,4,5
2328,8,5,6,5,4
2329,8,2,4,2,7
2330,9,1,6,3,4
2331,6,5,5,4,5
2332,9,4,8,6,4
2333,2,9,2,1,9
2334,8,3,7,5,4
2335,7,5,8,1,7
2336,9,3,6,3,5
2337,2,8,2,1,10
2338,3,10,3,4,8
2339,2,10,2,2,8
2340,2,10,1,2,7
2341,7,6,6,4,7
2342,7,3,6,4,7
2343,7,5,6,3,5
2344,7,4,4,2,5
2345,8,2,7,5,4
2346,4,8,4,1,10
2347,4,6,4,2,9
2348,2,9,1,2,7
2349,2,8,2,1,10
2350,5,7,5,5,6
2351,9,1,6,2,7
2352,7,3,7,2,5
2353,6,7,3,4,7
2354,3,9,2,1,9
2355,2,10,1,1,10
2356,8,4,6,7,4
2357,4,6,3,1,8
2358,7,3,6,4,6
2359,3,7,3,1,10
2360,10,2,8,4,5
2361,7,5,4,4,6
2362,10,2,7,7,1
2363,3,8,2,1,8
2364,8,2,6,3,5
2365,3,10,2,1,8
2366,4,6,2,1,10
2367,3,7,1,2,9
2368,8,3,4,4,4
2369,4,7,3,2,6
2370,3,9,1,1,10
2371,4,7,4,1,7
2372,6,5,4,1,7
2373,7,4,4,4,6
2374,2,10,1,3,6
2375,6,7,6,1,9
2376,9,3,7,3,4
2377,8,4,7,5,3
2378,2,8,2,1,8
2379,4,6,4,3,7
2380,7,5,5,2,8
2381,8,4,4,6,3
2382,9,2,4,6,2
2383,3,9,2,3,6
2384,2,10,3,3,8
2385,7,6,4,5,5
2386,7,3,5,6,4
2387,5,5,4,2,7
2388,10,2,7,5,2
2389,3,10,2,1,10
2390,2,10,2,2,8
2391,3,7,1,2,7
2392,5,6,5,4,6
2393,1,10,1,1,9
2394,4,7,3,2,7
2395,7,6,5,4,7
2396,3,8,2,4,8
2397,9,3,8,3,5
2398,7,5,5,2,8
2399,6,4,4,3,8
2400,5,5,5,1,8
2401,4,6,3,3,7
2402,7,5,6,3,5
2403,9,2,8,5,3
2404,6,6,6,6,4
2405,6,7,6,3,8
2406,4,8,2,1,9
2407,7,4,6,4,7
2408,6,4,3,4,5
2409,4,8,1,5,6
2410,3,7,3,1,10
2411,7,6,4,3,7
2412,8,4,5,4,6
2413,7,3,6,3,4
2414,8,3,4,5,3
2415,7,4,5,5,6
2416,2,9,1,1,9
2417,1,9,1,1,8
2418,1,9,1,1,9
2419,4,6,3,5,7
2420,10,2,9,4,3
2421,3,9,3,2,7
2422,4,9,2,1,7
2423,3,10,2,1,10
2424,7,3,7,6,4
2425,9,1,8,4,5
2426,8,2,6,3,6
2427,3,9,3,1,10
2428,6,4,4,4,4
2429,3,9,2,2,9
2430,7,3,6,4,5
2431,8,3,6,5,4
2432,3,9,2,1,10
2433,3,8,2,1,10
2434,1,10,1,1,10
2435,6,7,5,3,7
2436,5,7,3,1,8
2437,7,5,3,4,4
2438,7,4,6,5,6
2439,7,5,6,3,7
2440,1,10,2,1,9
2441,2,8,1,1,9
2442,8,5,6,3,5
2443,2,9,1,1,8
2444,8,3,7,3,4
2445,8,3,6,4,4
2446,6,6,5,4,5
2447,2,10,3,1,9
2448,1,10,2,1,10
2449,7,6,3,4,7
2450,6,5,5,3,7
2451,7,4,5,1,8
2452,3,10,1,3,6
2453,6,6,5,3,8
2454,8,4,6,5,2
2455,1,10,1,2,9
2456,3,8,2,1,10
2457,3,10,4,3,6
2458,1,10,2,1,9
2459,4,6,3,3,6
2460,4,9,3,1,7
2461,10,1,8,8,2
2462,3,9,1,1,8
2463,7,4,5,6,4
2464,3,7,5,2,7
2465,10,1,8,8,2
2466,5,7,5,2,9
2467,3,10,1,1,10
2468,1,10,1,1,10
2469,3,8,3,1,10
2470,3,10,1,4,7
2471,3,7,3,2,8
2472,3,9,1,2,10
2473,7,4,4,4,7
2474,2,9,2,1,8
2475,4,6,4,3,9
2476,8,5,5,4,5
2477,2,9,1,1,10
2478,9,2,8,6,1
2479,4,9,1,1,10
2480,5,5,3,5,7
2481,9,1,7,5,2
2482,7,6,5,4,6
2483,2,9,1,1,10
2484,5,5,3,2,9
2485,5,5,6,4,4
2486,10,2,7,5,5
2487,6,7,4,6,2
2488,3,10,1,1,8
2489,4,7,2,1,8
2490,1,10,1,1,10
2491,6,6,5,3,6
2492,7,6,6,6,3
2493,8,3,6,7,1
2494,10,2,8,10,1
2495,4,9,1,2,7
2496,8,5,7,6,5
2497,2,8,1,2,9
2498,5,8,4,5,5
2499,6,6,4,4,5
2500,4,6,2,1,7
2501,4,7,4,2,9
2502,2,10,1,1,9
2503,4,9,1,1,8
2504,9,2,8,8,1
2505,5,7,3,4,6
2506,6,7,5,9,1
2507,1,10,1,1,10
2508,8,2,6,5,5
2509,8,4,5,7,3
2510,6,6,5,2,8
2511,8,2,5,2,6
2512,9,3,8,3,5
2513,9,4,8,5,2
2514,6,5,6,3,8
2515,10,2,10,7,3
2516,4,7,5,1,8
2517,7,5,5,5,4
2518,9,3,7,4,6
2519,2,10,1,1,8
2520,2,8,2,1,10
2521,3,10,1,2,8
2522,9,3,7,4,6
2523,4,6,2,1,7
2524,6,7,5,3,8
2525,6,6,6,2,8
2526,3,9,2,1,10
2527,7,4,6,6,2
2528,8,2,7,5,4
2529,7,6,5,4,5
2530,8,5,4,6,2
2531,4,6,3,1,9
2532,1,10,2,1,9
2533,5,7,2,4,4
2534,8,3,9,4,3
2535,4,6,4,1,10
2536,6,6,5,2,8
2537,2,9,1,2,10
2538,4,8,3,4,7
2539,3,8,1,1,10
2540,6,7,5,2,8
2541,4,6,4,1,8
2542,4,6,5,4,5
2543,5,5,6,2,8
2544,7,4,5,2,7
2545,5,7,3,2,8
2546,4,8,4,5,5
2547,3,9,2,5,4
2548,2,8,1,1,10
2549,1,10,1,1,9
2550,3,10,4,2,9
2551,4,8,2,3,6
2552,8,3,7,4,6
2553,2,9,1,1,9
2554,3,8,2,3,8
2555,7,5,6,1,9
2556,7,4,7,2,7
2557,4,7,1,2,6
2558,8,3,6,5,3
2559,3,10,3,1,10
2560,10,1,9,6,1
2561,6,4,4,3,5
2562,1,10,1,1,9
2563,3,7,3,1,10
2564,5,6,4,3,8
2565,2,9,1,1,10
2566,6,6,6,4,7
2567,6,6,4,1,7
2568,8,5,7,1,8
2569,4,9,3,1,7
2570,10,3,8,8,2
2571,3,10,5,1,10
2572,10,2,7,7,2
2573,3,8,1,1,10
2574,6,7,4,4,4
2575,2,8,3,5,6
2576,5,7,4,4,4
2577,9,3,6,6,4
2578,3,7,7,2,8
2579,6,4,4,2,7
2580,10,1,7,6,4
2581,4,8,1,2,9
2582,9,1,7,4,4
2583,9,2,5,6,2
2584,6,4,6,2,9
2585,6,6,3,3,8
2586,2,10,2,2,9
2587,6,5,5,6,2
2588,1,10,1,2,9
2589,5,5,5,3,6
2590,8,2,7,7,2
2591,6,4,4,3,6
2592,6,4,3,2,7
2593,9,3,6,4,4
2594,2,10,1,1,10
2595,4,6,3,3,9
2596,2,10,1,1,10
2597,4,9,1,2,8
2598,4,7,7,1,8
2599,8,5,5,3,5
2600,10,1,7,7,1
2601,2,10,3,1,8
2602,7,5,6,6,3
2603,5,5,3,2,7
2604,10,2,8,3,4
2605,8,3,7,2,8
2606,3,7,2,2,10
2607,3,9,4,1,9
2608,9,2,8,9,1
2609,5,7,3,3,8
2610,1,10,1,2,10
2611,6,4,7,4,6
2612,8,4,7,5,5
2613,5,8,3,3,7
2614,5,6,3,2,9
2615,6,5,3,4,7
2616,9,2,5,5,5
2617,5,5,4,1,9
2618,5,5,4,1,8
2619,8,4,5,3,4
2620,8,2,6,5,3
2621,3,8,1,1,10
2622,10,1,9,7,1
2623,4,8,5,1,9
2624,4,6,4,5,4
2625,4,9,3,4,6
2626,6,4,5,2,8
2627,10,1,4,5,3
2628,2,9,2,1,10
2629,7,5,4,4,6
2630,8,3,8,2,5
2631,6,4,6,3,8
2632,8,3,7,3,4
2633,10,2,7,5,2
2634,7,6,4,7,1
2635,3,9,3,1,9
2636,6,6,4,2,7
2637,10,1,6,4,4
2638,7,5,4,4,4
2639,5,8,6,3,6
2640,8,4,5,6,2
2641,2,9,2,5,6
2642,7,6,5,2,5
2643,2,10,1,1,10
2644,3,10,4,1,10
2645,7,5,6,3,5
2646,3,8,3,1,10
2647,3,9,3,1,10
2648,9,4,8,5,5
2649,9,2,6,5,4
2650,3,8,2,3,9
2651,9,1,8,3,7
2652,9,1,9,6,3
2653,7,6,5,4,4
2654,9,1,9,5,5
2655,9,2,7,7,1
2656,3,8,2,1,10
2657,2,10,3,3,9
2658,8,5,5,2,5
2659,6,5,6,5,5
2660,3,8,4,2,10
2661,4,7,5,4,7
2662,7,3,5,4,4
2663,7,6,6,3,6
2664,2,10,3,3,7
2665,8,5,6,6,2
2666,7,3,6,4,5
2667,2,9,1,1,10
2668,10,2,7,8,1
2669,9,1,5,3,5
2670,7,3,5,6,4
2671,3,8,3,4,5
2672,9,2,10,2,7
2673,4,6,1,1,9
2674,8,5,6,5,2
2675,8,4,6,4,5
2676,7,3,3,4,7
2677,1,10,1,1,8
2678,3,8,1,2,8
2679,6,4,5,1,6
2680,9,3,7,1,8
2681,7,3,4,3,4
2682,8,3,6,3,5
2683,9,4,10,7,3
2684,5,8,3,4,5
2685,1,10,2,1,10
2686,4,8,4,3,7
2687,6,6,4,5,3
2688,4,6,3,1,10
2689,7,3,8,6,3
2690,3,8,5,1,9
2691,1,9,3,1,8
2692,4,8,2,5,7
2693,1,10,1,1,8
2694,5,8,2,2,8
2695,9,4,5,8,1
2696,10,1,5,5,5
2697,2,8,2,1,10
2698,5,7,2,2,8
2699,6,5,3,3,8
2700,7,3,4,3,4
2701,7,4,5,3,5
2702,2,9,4,3,7
2703,2,9,2,2,7
2704,1,9,1,1,10
2705,2,10,1,1,10
2706,2,8,1,1,8
2707,1,10,1,1,10
2708,2,9,1,1,8
2709,2,9,2,3,7
2710,3,8,3,1,8
2711,6,5,6,3,6
2712,4,9,2,2,8
2713,4,8,4,1,7
2714,9,2,6,4,6
2715,8,2,7,4,6
2716,8,5,6,2,6
2717,5,8,6,1,10
2718,8,2,5,6,3
2719,8,5,6,4,4
2720,8,4,8,3,4
2721,1,9,1,1,10
2722,9,3,6,7,2
2723,3,10,2,1,10
2724,8,4,8,4,6
2725,9,3,5,5,4
2726,2,9,1,5,5
2727,9,1,8,4,4
2728,10,3,7,6,4
2729,8,4,8,3,7
2730,3,10,2,1,10
2731,7,3,6,5,4
2732,7,3,7,4,6
2733,6,7,6,1,7
2734,3,7,1,1,8
2735,8,3,8,7,2
2736,10,3,8,7,1
2737,8,5,5,4,4
2738,7,5,5,3,5
2739,6,6,4,6,2
2740,3,10,1,3,8
2741,9,2,8,5,5
2742,8,3,8,4,5
2743,3,7,2,5,7
2744,10,3,9,4,3
2745,2,9,3,2,10
2746,2,10,1,2,8
2747,2,9,1,1,10
2748,9,3,8,3,7
2749,10,3,9,5,5
2750,2,10,1,5,5
2751,2,10,1,2,7
2752,5,5,5,6,6
2753,9,2,6,6,4
2754,8,5,6,4,6
2755,3,8,2,2,8
2756,9,1,6,6,3
2757,3,10,2,1,10
2758,8,2,7,4,3
2759,5,5,6,2,9
2760,5,6,3,1,10
2761,4,8,2,3,6
2762,4,9,2,1,7
2763,3,7,3,2,7
2764,5,5,3,6,5
2765,4,6,3,1,7
2766,10,3,5,4,2
2767,9,4,5,4,3
2768,3,10,2,3,7
2769,2,10,1,1,9
2770,7,3,6,4,7
2771,10,3,7,5,3
2772,3,9,1,2,10
2773,2,9,1,2,9
2774,7,3,6,2,6
2775,9,3,8,4,4
2776,8,2,7,5,2
2777,3,10,3,1,10
2778,6,4,6,4,6
2779,5,6,2,1,10
2780,1,10,1,3,8
2781,6,5,4,4,7
2782,4,7,3,1,10
2783,6,6,4,3,7
2784,7,6,5,4,4
2785,3,8,3,1,10
2786,2,8,3,1,9
2787,8,4,6,3,4
2788,5,8,2,3,5
2789,4,8,4,1,9
2790,9,2,6,7,2
2791,2,10,1,1,10
2792,9,4,7,5,5
2793,1,10,1,1,9
2794,6,5,6,2,8
2795,10,1,7,5,2
2796,5,5,4,4,4
2797,9,4,7,4,5
2798,10,1,7,3,6
2799,9,3,6,5,2
2800,6,4,6,3,8
2801,4,6,2,3,7
2802,2,10,1,2,10
2803,6,5,6,2,9
2804,8,3,4,5,2
2805,3,9,3,1,10
2806,7,5,7,3,5
2807,7,6,4,3,4
2808,4,8,2,3,8
2809,2,10,1,2,7
2810,3,9,4,1,9
2811,10,2,8,4,4
2812,2,10,3,1,9
2813,8,3,7,4,4
2814,9,4,6,3,5
2815,5,8,6,4,4
2816,1,10,1,3,8
2817,9,4,7,5,4
2818,1,10,1,1,10
2819,10,2,8,5,3
2820,7,3,7,4,7
2821,4,6,2,2,8
2822,7,3,5,5,4
2823,4,7,3,1,7
2824,5,5,4,4,7
2825,5,5,4,5,5
2826,2,10,1,1,8
2827,3,8,2,1,10
2828,10,2,8,4,2
2829,9,1,7,5,3
2830,2,9,2,1,10
2831,5,5,3,3,7
2832,2,8,1,1,10
2833,6,5,4,2,8
2834,6,6,5,2,8
2835,10,3,7,7,3
2836,1,10,2,1,10
2837,2,8,3,1,8
2838,4,8,3,4,6
2839,4,8,1,3,6
2840,4,6,5,2,8
2841,2,9,4,2,9
2842,6,4,5,3,5
2843,8,4,8,8,3
2844,10,2,7,5,4
2845,6,5,5,7,3
2846,8,2,5,5,3
2847,2,10,3,1,10
2848,1,9,1,1,8
2849,5,6,2,2,7
2850,9,2,6,5,3
2851,4,8,2,2,7
2852,4,9,4,1,9
2853,6,6,5,3,7
2854,4,7,3,4,8
2855,5,5,4,2,7
2856,10,1,8,4,3
2857,6,7,5,6,4
2858,6,6,5,6,2
2859,3,10,1,1,10
2860,4,6,1,4,8
2861,6,4,5,4,5
2862,3,10,4,2,10
2863,5,6,4,3,8
2864,5,6,7,2,9
2865,4,6,3,1,8
2866,2,10,4,2,8
2867,9,1,7,6,4
2868,3,8,4,4,8
2869,8,4,5,5,4
2870,8,5,5,5,4
2871,6,6,5,2,7
2872,10,3,8,8,1
2873,3,10,2,3,9
2874,7,5,4,4,6
2875,9,1,7,2,4
2876,2,10,4,1,8
2877,7,6,5,4,4
2878,10,1,8,4,4
2879,3,7,1,1,10
2880,2,9,3,1,10
2881,4,7,3,2,6
2882,10,1,9,5,2
2883,1,10,1,1,8
2884,9,2,7,5,2
2885,3,9,2,5,5
2886,5,5,1,3,5
2887,6,5,5,5,5
2888,4,7,3,1,7
2889,8,2,7,5,4
2890,4,8,1,4,5
2891,5,7,3,2,8
2892,3,7,2,1,10
2893,4,9,1,2,7
2894,4,6,3,1,10
2895,5,6,5,3,8
2896,7,4,4,2,8
2897,8,2,6,2,7
2898,4,7,3,2,6
2899,2,10,2,3,7
2900,10,2,7,7,1
2901,7,4,6,2,8
2902,3,8,2,1,8
2903,7,4,4,7,1
2904,7,3,6,4,6
2905,3,7,3,1,8
2906,8,2,5,4,4
2907,3,9,3,1,10
2908,3,8,5,3,8
2909,2,8,3,3,9
2910,7,6,6,5,3
2911,9,1,7,7,2
2912,10,1,7,7,3
2913,5,6,3,2,7
2914,3,10,3,1,9
2915,7,6,5,5,3
2916,9,3,9,5,3
2917,6,6,3,2,9
2918,1,10,1,1,10
2919,5,7,2,3,5
2920,4,8,5,1,10
2921,6,4,3,3,7
2922,5,5,3,4,6
2923,5,5,3,2,8
2924,8,4,3,4,6
2925,1,10,1,1,10
2926,5,6,3,2,6
2927,9,2,7,3,4
2928,4,6,4,3,7
2929,7,5,5,3,5
2930,8,4,5,5,5
2931,5,6,5,2,6
2932,6,6,6,2,8
2933,4,7,1,1,9
2934,5,8,3,1,9
2935,9,4,9,4,4
2936,4,7,2,4,7
2937,8,2,5,4,5
2938,7,5,9,3,4
2939,6,6,5,4,4
2940,4,9,3,3,6
2941,8,5,7,6,4
2942,8,2,7,7,1
2943,6,5,8,3,8
2944,2,10,3,1,8
2945,7,5,4,1,7
2946,8,2,5,6,3
2947,8,2,7,4,5
2948,5,7,5,5,5
2949,2,10,3,1,8
2950,9,2,8,4,4
2951,2,9,2,5,8
2952,9,1,8,4,6
2953,2,10,4,1,8
2954,9,4,7,3,5
2955,9,4,7,4,5
2956,7,3,6,1,6
2957,3,9,2,1,9
2958,9,2,7,5,5
2959,3,8,4,3,6
2960,5,6,3,1,7
2961,7,6,5,4,6
2962,5,5,5,2,7
2963,5,6,3,1,8
2964,9,2,10,6,2
2965,6,7,5,5,3
2966,2,8,2,1,9
2967,1,9,3,1,8
2968,9,3,6,1,5
2969,6,5,7,3,5
2970,8,2,9,6,4
2971,2,9,2,1,10
2972,4,9,3,2,6
2973,5,7,3,3,8
2974,1,10,1,2,10
2975,2,8,2,2,7
2976,7,3,2,2,6
2977,5,7,4,3,6
2978,8,3,6,7,2
2979,8,3,7,5,3
2980,1,10,1,1,8
2981,4,9,6,3,7
2982,2,10,2,1,8
2983,3,8,2,1,10
2984,10,1,8,6,4
2985,9,2,8,4,5
2986,10,2,5,6,2
2987,8,4,6,5,2
2988,2,10,1,1,10
2989,9,3,6,6,3
2990,6,4,4,4,7
2991,9,4,7,6,4
2992,4,8,3,1,9
2993,3,8,3,3,8
2994,5,7,4,3,7
2995,2,10,1,2,9
2996,9,2,7,6,4
2997,10,3,6,4,2
2998,8,4,6,6,4
2999,5,5,3,3,8
3000,6,6,6,3,8
3001,6,4,5,2,9
3002,2,10,3,1,9
3003,2,10,1,1,10
3004,5,6,5,2,8
3005,6,7,5,5,4
3006,3,10,3,2,7
3007,6,7,5,2,8
3008,4,9,5,4,5
3009,7,4,6,5,4
3010,1,10,1,2,9
3011,2,9,2,1,9
3012,2,10,3,1,9
3013,10,1,8,5,5
3014,2,10,1,2,8
3015,4,9,2,1,9
3016,9,3,6,5,3
3017,9,2,8,9,1
3018,5,5,3,1,8
3019,3,7,3,1,10
3020,8,2,7,7,4
3021,7,5,9,4,5
3022,2,9,3,3,8
3023,9,4,6,6,1
3024,7,3,8,6,4
3025,5,5,5,1,9
3026,5,5,4,2,8
3027,5,6,5,4,4
3028,7,5,7,4,6
3029,6,5,5,4,5
3030,10,1,6,7,1
3031,5,6,6,2,7
3032,2,8,1,1,10
3033,10,3,9,4,3
3034,5,6,5,2,8
3035,7,5,7,3,7
3036,2,9,1,1,10
3037,2,10,3,2,7
3038,5,5,4,1,8
3039,6,4,3,3,7
3040,2,10,1,1,8
3041,2,10,3,1,9
3042,2,10,3,2,9
3043,5,6,3,4,6
3044,10,1,8,5,5
3045,4,9,4,1,7
3046,2,8,2,1,10
3047,6,7,4,4,5
3048,6,4,4,5,6
3049,9,3,7,7,3
3050,3,10,1,1,10
3051,9,4,6,4,4
3052,8,5,5,3,7
3053,9,1,6,5,2
3054,2,10,1,1,10
3055,6,4,6,3,8
3056,5,8,2,4,5
3057,9,2,5,4,6
3058,4,6,1,2,6
3059,7,5,5,4,6
3060,6,5,4,4,4
3061,3,9,3,3,6
3062,6,6,2,5,3
3063,4,9,3,4,6
3064,6,6,3,1,6
3065,9,4,9,5,3
3066,8,5,6,5,4
3067,10,1,7,6,3
3068,2,10,3,1,10
3069,8,4,6,5,5
3070,2,10,1,2,9
3071,9,2,6,3,4
3072,9,3,6,2,6
3073,6,5,4,4,6
3074,6,5,3,4,5
3075,8,2,6,7,3
3076,9,2,9,7,1
3077,3,7,4,1,10
3078,3,8,5,1,9
3079,4,6,3,2,9
3080,9,1,7,3,4
3081,9,1,9,4,5
3082,5,7,4,1,8
3083,8,2,5,9,1
3084,4,9,3,2,6
3085,2,9,1,4,9
3086,2,9,1,1,8
3087,4,9,4,3,6
3088,10,2,4,3,3
3089,6,4,3,4,4
3090,3,8,1,1,10
3091,2,9,1,1,10
3092,5,5,5,3,7
3093,3,8,2,2,7
3094,1,10,1,1,9
3095,5,8,5,2,7
3096,10,2,6,5,4
3097,7,5,6,2,5
3098,5,7,4,2,7
3099,10,3,7,7,1
3100,1,9,1,1,10
3101,9,4,6,5,4
3102,4,8,2,1,8
3103,9,3,7,3,6
3104,3,7,4,1,9
3105,5,6,1,2,9
3106,4,9,1,4,8
3107,3,8,4,2,7
3108,10,1,8,6,4
3109,4,8,4,3,7
3110,3,8,3,4,8
3111,3,8,1,3,9
3112,4,7,3,1,9
3113,6,6,5,5,4
3114,1,10,1,1,9
3115,8,2,7,3,6
3116,9,2,8,3,5
3117,3,7,3,1,9
3118,6,4,3,4,5
3119,3,7,2,1,10
3120,8,2,6,7,2
3121,4,6,3,2,6
3122,9,3,6,3,6
3123,7,4,7,4,4
3124,1,10,1,1,8
3125,2,9,1,1,10
3126,1,9,2,1,10
3127,6,5,4,3,8
3128,6,7,3,4,4
3129,4,8,3,2,6
3130,2,10,4,1,8
3131,6,4,6,3,7
3132,6,7,5,2,7
3133,4,8,2,3,9
3134,4,9,4,1,7
3135,10,1,7,5,4
3136,8,3,9,2,5
3137,9,4,7,5,2
3138,1,10,1,3,10
3139,7,5,4,7,1
3140,8,5,8,4,3
3141,2,10,1,2,7
3142,8,5,8,6,4
3143,4,6,3,2,8
3144,1,10,1,1,10
3145,9,3,7,2,7
3146,2,10,1,3,7
3147,10,1,6,5,4
3148,9,1,7,7,2
3149,2,9,2,1,10
3150,8,2,7,2,5
3151,9,2,7,7,3
3152,6,5,4,3,7
3153,8,2,8,5,5
3154,6,6,5,3,7
3155,3,7,1,4,7
3156,7,5,6,6,4
3157,1,9,1,1,10
3158,4,7,2,4,6
3159,4,9,5,4,6
3160,9,2,8,5,3
3161,4,8,3,5,5
3162,7,4,1,5,3
3163,9,4,6,4,3
3164,5,7,6,5,6
3165,7,3,5,2,8
3166,7,6,6,6,2
3167,6,6,4,2,9
3168,7,3,5,4,7
3169,4,7,3,2,7
3170,8,3,8,5,2
3171,4,9,3,2,9
3172,6,4,4,3,7
3173,2,10,3,1,10
3174,8,2,5,9,2
3175,2,8,2,1,8
3176,2,8,3,2,7
3177,4,6,2,3,9
3178,6,6,4,1,9
3179,7,3,4,3,5
3180,9,4,8,6,1
3181,9,1,7,6,3
3182,4,8,4,1,8
3183,4,9,6,4,5
3184,8,2,6,5,4
3185,3,9,2,4,6
3186,7,5,7,3,7
3187,4,7,4,1,10
3188,3,8,3,1,10
3189,6,7,4,4,4
3190,7,6,6,6,2
3191,3,10,2,2,10
3192,3,10,3,2,9
3193,4,7,3,1,7
3194,1,10,2,1,8
3195,8,5,6,5,5
3196,3,10,2,2,8
3197,9,1,6,5,4
3198,6,6,5,3,5
3199,1,10,1,1,10
3200,9,3,6,3,4
3201,7,4,4,5,3
3202,9,2,6,5,2
3203,2,10,2,1,10
3204,9,1,6,3,7
3205,8,3,9,4,6
3206,6,5,4,4,5
3207,5,6,5,5,6
3208,4,6,4,1,10
3209,3,7,3,2,9
3210,3,7,1,2,7
3211,2,8,4,1,10
3212,6,6,5,7,5
3213,5,8,4,2,6
3214,2,10,2,1,10
3215,2,9,4,1,8
3216,7,3,3,3,7
3217,6,6,5,4,7
3218,8,4,7,5,3
3219,9,4,7,5,2
3220,2,9,3,2,8
3221,9,4,6,1,7
3222,5,7,4,4,6
3223,5,7,5,2,6
3224,3,10,2,1,10
3225,2,10,2,2,10
3226,8,2,5,5,2
3227,3,9,2,1,8
3228,3,9,3,2,8
3229,5,7,4,5,5
3230,5,5,4,2,7
3231,7,4,6,5,3
3232,8,5,5,2,5
3233,3,7,4,4,7
3234,2,8,2,1,9
3235,2,10,2,1,10
3236,10,1,8,7,1
3237,3,9,2,2,10
3238,8,3,6,5,5
3239,8,3,4,3,6
3240,5,6,4,1,7
3241,8,2,6,4,4
3242,2,10,3,1,9
3243,7,3,5,4,7
3244,1,10,1,1,8
3245,6,7,5,3,8
3246,3,9,2,1,10
3247,4,8,4,3,7
3248,5,7,3,2,6
3249,7,5,3,3,5
3250,5,8,5,3,7
3251,4,9,3,2,8
3252,2,8,2,1,10
3253,9,2,6,4,3
3254,2,10,1,1,8
3255,2,10,3,3,9
3256,4,7,5,2,8
3257,7,4,5,5,5
3258,2,10,1,1,9
3259,6,6,5,4,6
3260,7,5,2,5,5
3261,8,3,7,3,6
3262,5,7,4,3,5
3263,2,10,3,1,9
3264,9,3,7,7,2
3265,8,3,6,6,5
3266,5,8,5,1,8
3267,9,1,5,3,5
3268,8,4,7,5,3
3269,2,9,2,1,9
3270,6,7,6,3,5
3271,2,9,1,1,10
3272,9,4,7,4,3
3273,4,8,3,1,10
3274,6,7,5,3,6
3275,8,4,8,5,2
3276,3,9,2,1,8
3277,4,6,3,1,7
3278,4,7,2,1,7
3279,4,7,3,1,9
3280,8,3,7,3,4
3281,9,4,8,5,2
3282,4,6,4,2,8
3283,5,7,4,5,5
3284,3,7,1,2,8
3285,5,8,3,3,7
3286,3,8,3,1,10
3287,5,5,3,1,7
3288,6,4,4,2,8
3289,5,7,6,3,6
3290,8,4,7,6,4
3291,6,4,5,1,8
3292,9,4,6,3,7
3293,2,10,2,3,7
3294,7,3,5,1,6
3295,1,9,2,1,10
3296,8,5,7,8,1
3297,3,8,3,1,9
3298,3,7,2,3,7
3299,8,5,5,2,8
3300,7,6,8,4,6
3301,9,3,4,6,1
3302,9,4,8,7,2
3303,3,8,2,4,5
3304,3,10,4,3,7
3305,3,7,3,2,8
3306,4,8,3,2,7
3307,8,3,5,4,5
3308,9,2,6,4,4
3309,3,9,2,1,9
3310,2,8,1,1,10
3311,2,8,2,1,8
3312,7,3,6,4,7
3313,5,8,6,4,4
3314,2,10,3,2,10
3315,5,7,2,1,9
3316,5,7,4,2,6
3317,7,6,6,4,7
3318,5,8,6,1,10
3319,7,4,4,3,6
3320,6,4,5,3,5
3321,5,6,3,3,6
3322,2,10,2,1,8
3323,8,4,7,6,2
3324,3,8,3,1,10
3325,3,10,2,1,8
3326,8,3,5,5,5
3327,9,3,8,8,1
3328,8,4,6,6,5
3329,3,7,2,2,7
3330,1,10,1,2,10
3331,3,8,2,1,9
3332,9,2,8,6,2
3333,5,8,4,3,8
3334,4,7,1,5,5
3335,3,8,1,4,5
3336,2,10,3,2,10
3337,4,6,5,1,9
3338,2,8,1,2,7
3339,8,5,8,9,1
3340,7,3,4,5,3
3341,3,10,3,2,7
3342,5,8,3,3,7
3343,9,3,7,5,5
3344,3,8,1,3,6
3345,4,9,2,3,6
3346,9,4,8,7,2
3347,8,2,7,4,6
3348,5,6,5,4,7
3349,4,8,3,2,7
3350,1,10,2,2,10
3351,2,10,1,2,7
3352,6,5,5,3,6
3353,4,8,3,1,10
3354,9,2,6,7,1
3355,1,10,1,1,10
3356,3,9,1,1,8
3357,9,3,6,4,5
3358,4,9,3,3,7
3359,4,6,1,3,8
3360,3,8,1,1,9
3361,8,5,5,5,4
3362,9,1,7,6,3
3363,4,9,2,3,7
3364,9,1,6,6,3
3365,3,8,2,2,10
3366,8,2,6,5,5
3367,7,4,2,8,2
3368,4,8,3,5,5
3369,7,4,8,2,5
3370,3,8,1,2,7
3371,6,6,4,5,6
3372,3,7,4,1,10
3373,9,3,6,5,5
3374,6,6,6,2,7
3375,4,7,3,4,8
3376,9,1,6,6,3
3377,3,8,2,2,10
3378,2,10,1,1,9
3379,6,4,5,2,7
3380,4,9,2,3,6
3381,3,7,2,1,8
3382,7,4,5,4,6
3383,3,9,3,1,10
3384,1,10,1,1,9
3385,2,10,1,1,8
3386,8,5,7,4,4
3387,3,7,2,1,10
3388,8,2,5,2,7
3389,3,10,1,1,10
3390,5,5,1,1,8
3391,5,5,4,3,6
3392,9,2,6,5,3
3393,5,6,5,1,9
3394,9,4,7,5,5
3395,4,8,3,1,7
3396,9,2,6,5,5
3397,9,1,7,4,5
3398,7,6,5,4,6
3399,9,2,7,5,4
3400,1,10,1,4,9
3401,10,2,8,3,4
3402,3,8,3,3,7
3403,10,1,9,6,3
3404,7,4,8,5,5
3405,3,10,3,2,9
3406,6,4,5,4,6
3407,3,10,1,1,10
3408,10,1,8,4,4
3409,3,8,4,4,6
3410,9,2,8,5,4
3411,1,9,2,2,8
3412,3,8,1,1,10
3413,7,6,7,3,7
3414,7,5,4,4,4
3415,1,10,1,1,8
3416,6,4,5,4,7
3417,3,7,1,2,7
3418,8,2,6,5,5
3419,9,3,8,4,4
3420,7,4,5,1,6
3421,3,8,4,4,6
3422,6,7,5,1,7
3423,8,2,9,4,3
3424,2,9,2,1,10
3425,4,6,2,4,7
3426,7,6,6,7,3
3427,3,8,4,3,7
3428,3,9,1,1,9
3429,4,8,2,1,8
3430,6,5,5,4,4
3431,9,1,6,3,7
3432,8,2,6,5,3
3433,9,3,8,6,4
3434,7,3,6,3,4
3435,6,7,4,3,7
3436,8,4,6,5,4
3437,9,1,5,6,1
3438,9,3,5,5,3
3439,4,9,4,5,7
3440,1,9,3,1,10
3441,8,3,4,3,4
3442,4,9,1,3,9
3443,9,2,6,5,3
3444,1,10,1,1,10
3445,9,3,8,2,7
3446,10,1,5,4,4
3447,4,6,1,4,8
3448,9,4,7,5,5
3449,7,6,5,4,4
3450,9,4,5,7,1
3451,2,10,1,2,7
3452,5,7,3,1,7
3453,2,10,2,1,8
3454,1,10,1,2,9
3455,2,9,1,1,10
3456,5,7,5,2,8
3457,6,4,5,6,3
3458,1,10,1,2,10
3459,8,2,6,5,4
3460,9,4,7,4,4
3461,5,7,4,3,6
3462,10,1,9,5,4
3463,9,1,5,2,5
3464,8,5,7,5,5
3465,5,6,4,4,7
3466,3,7,2,2,8
3467,7,3,5,6,3
3468,5,8,4,2,8
3469,6,6,6,4,4
3470,10,1,8,7,2
3471,3,8,1,2,10
3472,3,7,4,1,10
3473,7,5,4,4,6
3474,4,9,1,2,8
3475,8,3,5,7,2
3476,3,8,2,1,9
3477,7,4,5,2,8
3478,6,5,4,1,9
3479,1,10,1,1,9
3480,9,3,6,6,2
3481,9,2,6,7,1
3482,1,10,2,1,9
3483,6,4,4,4,5
3484,3,7,3,1,9
3485,6,4,3,4,6
3486,9,4,7,5,3
3487,9,3,7,4,6
3488,3,8,2,2,10
3489,8,5,5,6,5
3490,2,9,2,3,9
3491,2,10,2,1,10
3492,6,6,6,2,8
3493,6,6,4,4,4
3494,9,3,6,4,3
3495,9,2,6,6,2
3496,3,7,1,2,9
3497,2,9,1,1,9
3498,10,2,8,5,4
3499,3,10,2,3,6
3500,10,1,6,5,3
3501,2,10,3,1,10
3502,9,4,7,4,6
3503,2,9,1,2,10
3504,6,6,5,3,8
3505,7,6,5,6,4
3506,8,3,6,8,1
3507,8,5,5,1,7
3508,3,9,3,1,10
3509,1,10,1,1,8
3510,5,6,3,3,8
3511,5,5,5,2,8
3512,1,10,1,1,8
3513,7,4,3,4,7
3514,8,3,7,3,4
3515,8,2,6,4,4
3516,5,8,6,1,7
3517,7,6,4,5,3
3518,8,2,6,4,6
3519,9,2,7,3,5
3520,3,9,3,4,7
3521,9,2,5,4,6
3522,5,8,3,3,5
3523,3,7,4,2,8
3524,5,6,3,2,7
3525,9,3,9,6,3
3526,7,3,4,4,7
3527,6,7,5,3,7
3528,7,3,5,4,4
3529,9,3,6,5,5
3530,4,9,5,4,6
3531,3,10,3,1,8
3532,3,7,3,3,6
3533,1,9,1,2,9
3534,8,3,7,2,6
3535,4,7,4,1,9
3536,5,6,5,3,5
3537,5,8,3,3,5
3538,7,4,6,4,5
3539,6,7,3,3,7
3540,2,9,1,1,10
3541,8,5,6,5,3
3542,3,8,1,3,8
3543,3,7,2,3,7
3544,8,2,5,4,6
3545,8,4,9,6,3
3546,9,2,6,5,3
3547,3,8,2,1,9
3548,9,1,6,7,1
3549,8,4,7,6,2
3550,9,1,8,7,1
3551,8,3,7,6,2
3552,1,9,1,1,9
3553,4,9,4,2,7
3554,7,4,4,4,7
3555,1,9,1,1,8
3556,9,4,8,3,5
3557,5,8,4,4,6
3558,1,10,1,2,8
3559,4,8,5,1,10
3560,3,8,3,2,8
3561,7,5,4,3,5
3562,7,5,5,5,3
3563,7,5,7,4,5
3564,4,9,5,2,6
3565,9,2,5,4,3
3566,3,7,2,2,10
3567,6,7,4,3,7
3568,10,2,6,6,4
3569,3,7,2,1,10
3570,6,4,3,1,8
3571,2,10,2,1,8
3572,10,3,8,6,4
3573,4,7,5,2,9
3574,8,4,9,3,5
3575,2,10,2,1,9
3576,5,8,3,3,5
3577,1,9,1,4,7
3578,8,5,6,6,3
3579,3,7,4,2,7
3580,3,9,4,1,10
3581,4,9,4,5,6
3582,3,9,1,2,7
3583,10,1,6,7,3
3584,8,4,7,8,2
3585,2,8,2,1,10
3586,7,4,5,5,5
3587,4,8,1,1,9
3588,7,3,5,5,4
3589,5,5,5,1,8
3590,7,4,6,6,5
3591,4,8,3,2,7
3592,9,4,7,4,4
3593,1,10,1,1,9
3594,7,4,5,4,6
3595,10,1,8,4,4
3596,10,1,8,5,5
3597,4,6,5,2,8
3598,5,8,5,4,4
3599,1,10,1,4,7
3600,9,3,5,4,4
3601,4,8,1,3,9
3602,9,1,7,5,3
3603,4,6,5,3,8
3604,5,6,2,3,5
3605,5,8,4,6,6
3606,6,6,6,3,6
3607,7,6,5,6,5
3608,6,5,5,5,4
3609,3,9,3,1,10
3610,4,6,3,3,7
3611,4,9,5,1,10
3612,8,3,7,5,5
3613,1,10,2,1,8
3614,2,10,1,1,10
3615,1,10,2,1,9
3616,3,8,2,2,7
3617,3,8,2,1,10
3618,6,5,1,4,7
3619,4,9,3,1,8
3620,4,9,3,2,9
3621,6,4,6,2,7
3622,5,8,4,3,6
3623,9,1,8,6,1
3624,7,5,6,4,4
3625,8,2,5,6,2
3626,10,1,8,7,3
3627,5,8,6,3,8
3628,4,6,4,2,9
3629,5,7,4,2,8
3630,9,3,7,4,6
3631,9,4,7,5,3
3632,7,6,6,4,6
3633,4,8,2,4,7
3634,7,6,5,4,5
3635,5,8,4,2,8
3636,5,5,4,6,3
3637,8,4,7,3,7
3638,4,6,3,2,9
3639,4,8,3,5,5
3640,8,5,7,5,5
3641,9,4,6,4,4
3642,3,8,1,1,9
3643,6,7,8,2,8
3644,3,10,2,1,10
3645,10,1,6,5,2
3646,9,3,7,5,5
3647,9,4,6,7,1
3648,9,4,7,2,6
3649,6,7,3,5,6
3650,6,4,5,4,4
3651,7,6,5,4,7
3652,2,10,4,1,8
3653,7,4,6,5,3
3654,9,4,6,6,3
3655,3,7,1,2,9
3656,4,8,3,2,7
3657,4,9,2,1,9
3658,4,8,2,1,9
3659,1,10,1,1,10
3660,10,3,7,6,3
3661,7,4,5,3,5
3662,9,1,10,6,2
3663,7,5,5,2,5
3664,5,6,6,3,8
3665,5,7,5,4,4
3666,2,10,2,1,10
3667,7,5,5,7,3
3668,3,8,1,1,10
3669,2,9,1,2,8
3670,9,1,6,3,4
3671,4,6,4,1,9
3672,3,7,2,2,8
3673,3,10,3,1,9
3674,4,8,4,3,7
3675,1,9,1,1,8
3676,10,3,7,7,1
3677,1,10,1,1,10
3678,7,5,3,4,5
3679,4,6,2,3,7
3680,5,7,1,2,6
3681,3,7,2,1,8
3682,9,1,8,3,5
3683,9,3,6,3,7
3684,2,9,2,1,10
3685,7,6,6,1,9
3686,4,8,4,1,7
3687,8,5,6,5,5
3688,9,1,7,5,4
3689,6,5,5,1,9
3690,5,5,4,5,5
3691,10,1,7,5,3
3692,6,5,5,3,7
3693,6,5,5,5,3
3694,2,8,2,1,8
3695,4,9,3,1,7
3696,5,5,4,1,7
3697,3,9,1,1,10
3698,5,5,2,2,7
3699,7,3,5,5,4
3700,8,2,7,6,3
3701,3,10,1,4,6
3702,8,2,6,5,3
3703,2,8,2,1,8
3704,5,8,6,3,7
3705,9,2,5,2,5
3706,1,10,2,1,8
3707,8,2,7,6,4
3708,9,2,9,7,2
3709,3,7,1,3,6
3710,2,9,2,1,8
3711,8,3,6,5,4
3712,8,2,5,5,2
3713,6,5,5,6,4
3714,5,6,1,1,10
3715,2,8,3,1,9
3716,3,7,1,1,9
3717,8,4,7,1,6
3718,3,8,4,1,10
3719,5,6,5,2,8
3720,2,8,2,2,7
3721,7,5,4,4,5
3722,5,8,4,1,8
3723,2,10,1,1,10
3724,3,7,2,1,9
3725,2,8,4,1,10
3726,6,6,5,5,6
3727,5,7,4,3,5
3728,9,2,7,6,2
3729,3,9,4,3,6
3730,4,9,3,2,6
3731,9,3,5,3,4
3732,8,5,5,5,4
3733,10,1,9,7,3
3734,7,4,5,3,6
3735,4,6,2,2,6
3736,9,4,8,5,3
3737,3,8,2,2,10
3738,2,9,1,2,10
3739,3,7,3,1,9
3740,3,7,2,4,8
3741,9,3,7,7,3
3742,8,5,4,7,2
3743,2,8,2,2,7
3744,6,5,4,1,8
3745,9,4,8,5,4
3746,9,4,7,6,4
3747,9,3,9,6,3
3748,4,9,1,2,9
3749,5,8,3,2,7
3750,2,9,1,3,6
3751,7,4,5,3,7
3752,2,9,2,3,6
3753,1,10,1,1,10
3754,8,2,7,5,3
3755,10,3,8,5,2
3756,3,7,2,1,10
3757,9,3,6,6,1
3758,2,10,1,1,10
3759,10,3,7,5,5
3760,1,9,1,1,9
3761,4,9,1,1,8
3762,4,8,3,1,8
3763,5,5,4,5,7
3764,1,10,1,1,10
3765,10,3,8,5,2
3766,2,10,2,1,9
3767,4,6,4,1,7
3768,2,10,2,2,10
3769,5,7,4,3,5
3770,5,7,3,3,7
3771,4,7,2,3,7
3772,7,3,4,5,3
3773,8,4,7,4,4
3774,5,8,3,3,5
3775,6,4,4,3,8
3776,8,2,7,4,3
3777,5,6,3,1,10
3778,9,2,8,5,4
3779,3,10,5,1,8
3780,7,3,4,4,6
3781,3,10,3,3,8
3782,8,4,7,5,4
3783,6,4,4,4,4
3784,8,2,8,4,5
3785,1,10,1,2,10
3786,10,1,9,5,4
3787,9,3,6,3,6
3788,9,2,6,5,2
3789,5,8,5,1,9
3790,2,10,1,1,10
3791,5,5,3,4,4
3792,2,8,1,2,10
3793,8,5,4,4,6
3794,5,8,5,1,7
3795,5,7,3,4,6
3796,7,3,5,4,4
3797,7,5,6,2,5
3798,4,9,2,4,6
3799,7,6,6,4,6
3800,10,3,8,6,4
3801,2,8,1,1,10
3802,1,10,1,1,8
3803,8,5,6,4,4
3804,2,8,2,3,9
3805,8,5,4,5,2
3806,2,9,1,2,7
3807,7,6,6,6,3
3808,5,8,3,5,4
3809,5,6,4,5,5
3810,8,2,6,4,5
3811,9,4,6,7,2
3812,3,9,2,1,10
3813,8,2,5,4,3
3814,3,9,2,2,9
3815,5,7,6,3,5
3816,6,7,5,5,6
3817,3,7,4,4,8
3818,7,3,5,5,4
3819,5,8,3,4,6
3820,6,4,6,1,6
3821,7,6,5,3,6
3822,5,5,3,2,6
3823,7,4,6,4,6
3824,2,9,2,3,9
3825,2,8,1,1,9
3826,3,10,3,2,8
3827,8,3,6,7,2
3828,2,9,1,2,10
3829,3,10,2,2,7
3830,7,5,4,4,5
3831,3,10,1,2,7
3832,4,8,3,2,7
3833,7,4,6,3,5
3834,5,8,4,1,7
3835,8,3,5,2,8
3836,4,8,3,3,7
3837,9,4,6,5,2
3838,6,6,5,3,8
3839,9,1,6,7,1
3840,2,8,2,4,9
3841,10,1,9,6,2
3842,9,3,7,5,4
3843,3,9,1,3,9
3844,2,10,2,3,7
3845,6,6,4,4,5
3846,5,7,2,1,7
3847,10,1,7,5,2
3848,2,10,2,1,10
3849,2,10,3,3,6
3850,9,3,6,5,2
3851,6,4,5,4,7
3852,1,10,1,1,9
3853,4,9,2,4,5
3854,9,1,6,7,3
3855,8,3,6,4,3
3856,7,5,5,6,3
3857,8,5,7,4,4
3858,5,8,4,4,5
3859,3,7,2,3,9
3860,7,6,3,4,7
3861,9,3,7,5,4
3862,7,4,6,4,4
3863,10,1,7,7,1
3864,3,7,2,2,9
3865,2,8,1,3,7
3866,9,3,8,4,3
3867,5,6,5,5,7
3868,4,8,2,1,10
3869,9,4,7,5,5
3870,8,4,6,5,5
3871,3,7,3,1,10
3872,3,10,2,3,8
3873,7,5,2,3,6
3874,6,5,4,4,6
3875,9,4,7,3,7
3876,2,8,1,1,8
3877,8,4,5,3,7
3878,7,5,4,5,3
3879,9,3,8,5,5
3880,1,9,1,1,9
3881,9,1,7,6,4
3882,7,4,4,4,5
3883,4,9,1,3,7
3884,2,10,3,2,10
3885,2,10,3,1,10
3886,9,2,10,4,4
3887,9,1,7,5,3
3888,8,2,5,5,4
3889,4,9,1,4,6
3890,8,3,8,5,2
3891,3,8,2,1,10
3892,6,7,6,1,9
3893,2,10,3,5,8
3894,2,10,1,2,7
3895,6,7,4,3,8
3896,7,3,7,5,4
3897,9,2,6,5,2
3898,6,4,3,3,8
3899,2,8,2,1,10
3900,8,4,4,6,2
3901,4,8,1,4,7
3902,6,7,2,2,9
3903,4,6,6,1,9
3904,4,6,4,2,8
3905,8,5,6,5,2
3906,2,9,1,1,10
3907,7,6,6,3,5
3908,5,8,5,4,6
3909,8,5,7,5,2
3910,7,4,2,5,4
3911,8,4,8,4,4
3912,1,10,1,1,9
3913,9,4,5,4,5
3914,8,5,3,4,4
3915,4,8,3,1,8
3916,2,9,3,1,10
3917,5,7,5,3,8
3918,6,7,5,1,8
3919,1,10,1,1,10
3920,9,2,8,7,3
3921,8,5,6,6,2
3922,8,5,5,5,3
3923,4,9,1,3,6
3924,9,1,6,6,1
3925,5,6,4,5,5
3926,6,7,2,3,5
3927,4,9,2,4,7
3928,8,2,6,6,4
3929,2,10,3,1,10
3930,7,3,4,4,7
3931,9,4,6,5,5
3932,10,1,7,6,3
3933,5,7,4,3,8
3934,7,4,4,4,4
3935,7,4,4,4,4
3936,7,6,8,5,6
3937,2,10,3,1,10
3938,6,4,3,6,3
3939,5,7,3,2,9
3940,7,4,5,4,4
3941,9,1,5,4,4
3942,8,5,5,5,4
3943,6,6,4,4,5
3944,9,2,8,4,3
3945,7,4,5,7,3
3946,8,2,6,5,2
3947,9,2,6,5,2
3948,1,10,2,1,10
3949,3,9,2,3,9
3950,4,6,1,1,8
3951,3,10,3,1,10
3952,2,8,1,1,9
3953,9,3,5,5,5
3954,3,7,2,1,10
3955,1,10,1,3,9
3956,8,2,5,3,4
3957,3,10,2,1,10
3958,7,6,6,2,8
3959,1,9,1,1,10
3960,7,4,6,4,4
3961,5,8,5,4,7
3962,3,8,2,2,8
3963,8,2,4,3,5
3964,8,2,5,7,3
3965,5,6,4,1,10
3966,2,9,2,1,8
3967,8,2,7,2,7
3968,9,3,8,3,6
3969,3,9,1,4,5
3970,5,7,2,3,5
3971,7,3,6,2,8
3972,5,7,5,4,7
3973,4,8,3,2,9
3974,1,10,3,3,9
3975,5,6,3,5,5
3976,4,6,4,3,6
3977,5,7,6,1,9
3978,6,6,5,2,9
3979,2,10,2,1,8
3980,1,9,2,2,8
3981,6,7,4,3,7
3982,8,3,6,7,3
3983,6,5,3,2,7
3984,2,10,2,2,7
3985,6,5,4,1,8
3986,9,3,5,8,1
3987,8,4,8,6,5
3988,8,2,9,4,6
3989,2,8,1,1,9
3990,7,6,6,4,4
3991,2,8,2,2,7
3992,7,6,4,4,4
3993,7,3,6,5,4
3994,1,10,1,1,8
3995,1,10,2,1,8
3996,8,3,4,5,5
3997,3,9,3,2,10
3998,4,8,5,4,5
3999,9,4,7,6,2
4000,3,9,1,3,9
4001,2,10,1,1,10
4002,7,4,6,3,7
4003,2,10,1,1,9
4004,9,2,6,2,7
4005,7,5,4,3,4
4006,5,5,4,3,7
4007,4,9,7,6,3
4008,9,4,7,5,3
4009,3,9,2,2,7
4010,4,8,4,1,10
4011,2,10,1,1,8
4012,2,8,3,2,7
4013,7,4,6,5,6
4014,6,4,4,4,5
4015,1,9,2,1,10
4016,10,1,7,5,5
4017,4,8,3,2,8
4018,6,4,4,3,8
4019,6,5,4,3,8
4020,2,8,1,1,10
4021,5,7,5,4,4
4022,9,1,8,3,4
4023,10,3,8,6,3
4024,10,1,6,4,3
4025,4,6,5,1,8
4026,2,10,1,2,9
4027,3,8,2,1,8
4028,3,10,2,1,8
4029,6,5,5,3,6
4030,2,8,1,1,10
4031,3,9,3,5,7
4032,2,10,1,1,8
4033,8,5,5,3,6
4034,6,5,6,2,6
4035,7,6,5,2,7
4036,1,10,2,1,9
4037,3,8,1,1,8
4038,9,1,8,7,3
4039,6,4,4,2,9
4040,4,8,3,2,7
4041,2,10,1,1,10
4042,9,3,6,1,8
4043,8,2,7,6,5
4044,9,4,6,5,3
4045,2,8,4,2,9
4046,2,8,3,2,7
4047,10,1,10,8,1
4048,10,3,7,9,1
4049,4,7,3,4,7
4050,7,3,6,4,7
4051,5,7,3,3,5
4052,2,8,1,2,9
4053,10,1,7,3,3
4054,4,7,4,1,8
4055,7,3,5,2,6
4056,10,1,8,6,2
4057,1,10,1,1,10
4058,5,7,3,6,4
4059,6,5,3,1,9
4060,5,7,3,3,7
4061,2,9,1,1,10
4062,2,10,1,1,10
4063,5,6,4,4,4
4064,4,8,2,3,7
4065,9,3,6,6,1
4066,5,6,3,4,5
4067,3,9,3,1,9
4068,1,10,2,1,10
4069,8,4,6,4,4
4070,4,7,4,3,9
4071,9,3,7,7,3
4072,5,6,2,5,7
4073,6,7,3,6,2
4074,9,3,6,5,5
4075,8,3,7,4,3
4076,7,3,4,7,3
4077,8,4,6,5,3
4078,4,8,3,5,7
4079,5,6,5,3,8
4080,2,10,2,2,8
4081,8,3,7,1,8
4082,4,9,4,3,7
4083,4,7,3,3,9
4084,6,4,6,3,8
4085,4,6,4,3,9
4086,8,4,5,3,6
4087,2,8,2,1,10
4088,3,8,2,3,8
4089,4,7,6,1,10
4090,7,3,4,7,4
4091,10,2,6,6,2
4092,6,4,5,7,4
4093,9,2,6,3,6
4094,4,8,1,2,9
4095,1,9,2,1,10
4096,5,7,3,5,4
4097,3,7,2,1,10
4098,4,8,3,2,6
4099,8,2,6,3,7
4100,4,8,4,3,9
4101,6,7,5,1,7
4102,1,10,1,2,10
4103,6,5,5,3,5
4104,7,4,4,5,5
4105,1,10,1,1,9
4106,6,4,5,2,7
4107,7,3,5,3,7
4108,4,9,2,3,9
4109,7,6,4,2,8
4110,5,5,4,2,7
4111,6,6,3,7,5
4112,2,10,4,2,10
4113,4,6,4,3,8
4114,3,8,3,3,7
4115,6,4,5,1,9
4116,6,5,5,3,8
4117,9,4,7,5,2
4118,3,9,2,1,9
4119,3,10,2,1,10
4120,7,4,4,5,3
4121,7,6,6,4,7
4122,6,4,5,1,7
4123,9,1,5,4,5
4124,10,1,8,5,3
4125,2,8,2,1,8
4126,5,5,1,4,5
4127,2,8,2,3,6
4128,1,10,1,1,10
4129,9,3,7,4,4
4130,9,3,9,6,3
4131,6,5,3,4,5
4132,6,6,5,4,5
4133,1,10,1,1,8
4134,7,6,5,4,7
4135,1,10,1,1,9
4136,2,9,2,1,10
4137,2,8,1,1,10
4138,5,7,4,3,8
4139,1,10,2,1,8
4140,6,5,6,4,7
4141,5,6,5,3,6
4142,3,7,1,3,8
4143,7,4,6,3,5
4144,2,9,5,2,9
4145,10,3,8,5,4
4146,9,2,7,2,5
4147,8,4,7,3,5
4148,5,8,4,3,7
4149,4,7,4,3,7
4150,10,1,7,6,1
4151,8,3,7,4,4
4152,9,2,5,6,1
4153,6,4,2,7,4
4154,1,10,1,1,8
4155,2,8,1,3,8
4156,8,3,4,6,5
4157,5,8,6,4,5
4158,7,5,6,5,4
4159,6,7,5,2,7
4160,5,6,4,1,7
4161,10,1,9,5,4
4162,4,8,4,1,10
4163,3,8,1,3,6
4164,4,6,2,1,10
4165,3,8,2,4,6
4166,2,9,2,1,10
4167,8,4,6,4,5
4168,1,10,1,3,9
4169,9,1,7,6,3
4170,3,10,3,2,7
4171,7,5,6,3,6
4172,8,4,5,6,4
4173,7,6,4,4,4
4174,9,2,6,7,1
4175,9,2,9,4,6
4176,10,2,10,3,3
4177,8,3,7,7,3
4178,6,6,2,5,6
4179,10,3,7,4,2
4180,7,5,4,3,4
4181,6,7,4,5,6
4182,4,9,1,1,8
4183,7,4,4,4,7
4184,2,8,3,4,9
4185,6,7,5,4,4
4186,10,3,8,5,2
4187,2,8,1,3,7
4188,5,7,3,3,6
4189,10,1,8,4,4
4190,8,4,6,3,4
4191,3,8,1,1,10
4192,2,8,3,1,8
4193,2,10,1,6,7
4194,3,9,4,1,10
4195,6,6,3,1,7
4196,4,8,2,2,9
4197,6,6,6,4,5
4198,8,4,5,5,5
4199,8,3,8,5,2
4200,10,2,8,5,3
4201,6,5,6,3,6
4202,9,2,7,5,4
4203,2,8,1,1,10
4204,8,3,5,4,6
4205,2,10,3,3,6
4206,3,10,2,1,10
4207,8,3,6,7,2
4208,7,5,4,4,6
4209,5,7,5,1,7
4210,7,5,3,3,5
4211,10,3,9,6,1
4212,1,10,1,1,10
4213,8,4,5,7,1
4214,8,2,6,5,2
4215,8,5,9,5,5
4216,2,8,1,3,8
4217,9,3,6,4,3
4218,3,8,2,3,7
4219,9,4,9,5,5
4220,7,6,7,4,5
4221,9,3,8,4,4
4222,7,5,6,3,5
4223,4,9,2,3,6
4224,7,5,4,3,4
4225,6,4,6,3,7
4226,4,8,4,4,8
4227,3,10,2,4,7
4228,9,2,7,6,4
4229,1,10,1,1,10
4230,5,8,4,1,9
4231,8,3,8,2,8
4232,7,6,5,3,5
4233,4,7,1,1,8
4234,9,2,8,4,4
4235,1,10,2,2,8
4236,2,8,4,1,8
4237,5,7,4,4,4
4238,5,8,3,2,8
4239,2,10,1,3,6
4240,7,6,5,8,2
4241,5,8,3,3,7
4242,6,6,5,3,8
4243,10,1,9,7,2
4244,10,1,10,6,4
4245,7,3,5,3,4
4246,6,7,3,6,4
4247,1,10,1,1,10
4248,6,6,3,3,8
4249,5,5,4,3,7
4250,9,3,8,5,3
4251,8,2,7,4,5
4252,8,3,5,5,4
4253,5,5,2,1,10
4254,5,6,3,1,8
4255,4,9,3,4,8
4256,5,6,1,4,5
4257,3,7,2,1,9
4258,7,6,4,1,9
4259,1,10,1,1,10
4260,9,1,5,4,4
4261,5,7,1,3,6
4262,7,5,6,6,2
4263,9,1,9,5,5
4264,3,9,1,1,9
4265,10,1,8,6,4
4266,2,10,2,1,8
4267,3,10,2,1,10
4268,1,10,2,3,8
4269,10,3,8,7,1
4270,6,6,7,3,7
4271,6,5,5,5,6
4272,1,9,1,2,9
4273,10,1,7,9,1
4274,9,2,8,4,4
4275,4,7,4,1,9
4276,8,5,6,4,5
4277,3,10,2,1,10
4278,3,7,4,1,9
4279,5,8,2,2,6
4280,5,8,3,5,7
4281,3,7,2,4,8
4282,7,3,6,4,5
4283,3,10,1,1,9
4284,4,9,3,3,6
4285,5,5,3,3,8
4286,2,10,4,4,8
4287,4,6,3,2,9
4288,3,8,2,2,7
4289,2,8,2,1,8
4290,9,4,7,5,4
4291,3,7,5,1,10
4292,2,10,2,1,9
4293,6,5,5,5,5
4294,8,4,3,6,3
4295,9,1,6,5,3
4296,6,4,4,4,4
4297,5,8,3,1,8
4298,5,6,3,1,9
4299,6,6,5,3,5
4300,2,10,1,3,7
4301,2,10,1,1,10
4302,6,7,4,1,8
4303,6,6,5,3,8
4304,1,10,1,1,9
4305,9,2,7,5,4
4306,4,8,4,3,8
4307,9,1,7,6,4
4308,9,1,6,2,4
4309,8,4,5,9,1
4310,8,5,6,6,3
4311,6,6,5,6,5
4312,2,10,1,1,10
4313,5,5,4,5,7
4314,9,1,7,4,3
4315,7,4,4,5,5
4316,7,5,5,6,5
4317,3,10,2,1,10
4318,1,10,2,1,9
4319,6,5,4,1,6
4320,9,2,5,5,2
4321,4,7,2,4,7
4322,8,3,7,6,5
4323,9,4,9,7,3
4324,9,2,7,5,2
4325,5,8,5,3,8
4326,1,9,1,1,10
4327,6,5,5,2,7
4328,10,2,8,2,4
4329,2,8,2,1,10
4330,7,6,4,5,4
4331,3,7,2,2,7
4332,3,8,1,1,8
4333,5,7,4,5,7
4334,9,1,6,4,5
4335,7,6,6,5,5
4336,2,10,1,2,7
4337,5,7,4,4,7
4338,10,1,5,6,1
4339,6,4,6,3,6
4340,6,4,4,1,9
4341,9,1,7,6,3
4342,1,10,1,1,10
4343,10,2,10,5,4
4344,7,6,5,3,6
4345,5,6,4,4,4
4346,4,6,4,3,7
4347,7,3,4,4,4
4348,5,7,6,5,5
4349,3,7,1,2,7
4350,8,5,6,5,4
4351,4,7,3,2,6
4352,2,8,1,1,10
4353,9,1,6,5,2
4354,3,9,1,5,6
4355,9,1,7,4,6
4356,6,7,4,3,8
4357,1,10,1,1,8
4358,1,10,2,1,9
4359,8,5,4,6,3
4360,6,6,5,2,8
4361,3,10,2,1,8
4362,4,9,3,1,7
4363,3,8,2,6,5
4364,7,6,5,6,3
4365,6,7,5,5,3
4366,1,10,2,2,9
4367,6,4,5,3,5
4368,6,6,4,3,6
4369,9,1,7,4,5
4370,9,2,4,4,5
4371,5,8,4,3,7
4372,5,6,4,2,6
4373,8,4,6,4,3
4374,2,10,1,1,8
4375,3,9,4,1,10
4376,1,10,3,1,9
4377,7,4,6,6,2
4378,8,4,5,5,3
4379,2,10,1,1,10
4380,1,9,2,3,7
4381,8,4,6,5,3
4382,3,8,4,2,10
4383,5,5,2,3,6
4384,2,8,1,3,7
4385,4,7,5,1,7
4386,1,10,3,1,8
4387,9,4,6,4,6
4388,7,6,7,6,3
4389,7,4,6,6,3
4390,7,3,6,3,5
4391,1,10,2,1,9
4392,9,3,6,4,3
4393,7,4,4,3,5
4394,1,10,1,1,8
4395,3,9,3,4,8
4396,9,1,7,5,2
4397,4,9,3,2,6
4398,3,10,2,1,10
4399,10,3,8,4,2
4400,3,10,3,1,8
4401,9,4,8,4,4
4402,8,5,4,6,2
4403,8,3,5,4,3
4404,5,5,3,5,6
4405,4,6,4,1,10
4406,4,9,3,1,9
4407,3,10,1,4,6
4408,6,5,5,6,4
4409,4,9,2,2,9
4410,5,6,3,5,6
4411,2,10,1,1,10
4412,9,2,6,4,4
4413,3,8,1,1,9
4414,5,7,2,1,9
4415,9,4,8,5,4
4416,6,7,4,4,4
4417,5,8,4,1,10
4418,2,10,1,1,9
4419,8,4,5,4,5
4420,7,5,6,6,4
4421,8,2,3,5,3
4422,3,9,3,2,8
4423,8,5,7,6,4
4424,6,5,5,4,4
4425,6,5,5,4,6
4426,1,10,1,5,5
4427,2,10,1,1,10
4428,2,10,1,3,6
4429,6,5,6,1,6
4430,7,5,6,6,3
4431,7,4,4,4,7
4432,9,4,7,5,2
4433,2,8,1,1,10
4434,7,3,6,5,4
4435,8,5,6,5,3
4436,6,5,3,5,6
4437,3,7,4,3,7
4438,10,3,8,7,1
4439,6,5,6,3,6
4440,10,2,7,4,5
4441,8,4,7,5,2
4442,5,8,3,3,5
4443,3,8,2,3,8
4444,5,5,3,2,8
4445,3,10,3,3,8
4446,10,1,8,5,3
4447,6,5,5,4,7
4448,4,8,1,2,9
4449,6,5,4,3,5
4450,3,10,4,1,10
4451,6,6,6,2,9
4452,2,9,1,1,9
4453,3,10,3,2,8
4454,4,6,3,2,8
4455,3,10,2,4,6
4456,5,6,3,4,7
4457,9,2,4,6,2
4458,2,8,1,1,9
4459,6,4,4,6,4
4460,10,1,7,5,4
4461,9,4,8,7,3
4462,6,4,5,1,9
4463,5,8,3,2,8
4464,1,9,1,1,9
4465,4,6,4,4,7
4466,2,8,2,4,8
4467,1,9,1,1,10
4468,4,9,4,6,4
4469,2,8,3,1,10
4470,8,3,4,5,2
4471,3,8,1,1,10
4472,10,1,7,5,2
4473,7,5,4,6,3
4474,2,8,1,1,9
4475,4,6,4,1,9
4476,4,8,2,2,6
4477,10,3,9,7,2
4478,2,10,1,4,8
4479,4,7,3,4,6
4480,8,3,5,2,8
4481,6,5,4,1,8
4482,8,4,5,5,5
4483,9,4,7,5,2
4484,8,2,4,4,5
4485,6,7,2,1,9
4486,9,4,5,4,6
4487,3,8,3,3,6
4488,10,1,7,5,3
4489,4,9,4,1,10
4490,6,5,4,3,7
4491,5,8,3,5,4
4492,3,10,3,2,7
4493,2,10,3,2,9
4494,2,8,2,2,10
4495,9,3,6,2,7
4496,5,6,1,1,7
4497,6,7,3,5,5
4498,9,3,7,5,3
4499,4,7,2,2,8
4500,6,6,3,3,5
4501,5,8,4,3,7
4502,3,7,5,1,8
4503,5,8,4,6,5
4504,5,7,2,4,6
4505,10,3,7,8,1
4506,1,10,1,1,9
4507,10,1,8,6,1
4508,4,8,4,1,7
4509,10,1,8,5,3
4510,6,6,4,2,7
4511,3,9,3,3,6
4512,2,9,1,3,7
4513,3,9,3,2,9
4514,4,7,3,3,8
4515,8,3,6,5,5
4516,9,3,8,7,1
4517,7,5,5,3,4
4518,1,10,1,1,8
4519,2,10,2,1,8
4520,6,4,4,2,8
4521,8,4,8,4,3
4522,8,3,4,5,3
4523,9,3,7,5,4
4524,8,5,4,5,5
4525,6,6,4,1,7
4526,9,2,7,5,2
4527,10,3,6,4,4
4528,9,1,8,6,2
4529,2,10,3,1,10
4530,8,2,8,3,7
4531,8,5,6,4,5
4532,10,1,10,5,3
4533,2,8,1,1,10
4534,2,9,3,3,6
4535,5,7,3,4,7
4536,8,5,4,3,7
4537,9,3,7,5,4
4538,5,7,4,5,5
4539,7,6,7,4,6
4540,9,3,8,4,6
4541,7,3,6,1,6
4542,4,6,5,1,7
4543,6,6,3,4,7
4544,6,6,4,2,6
4545,6,6,5,3,6
4546,10,1,8,4,5
4547,9,4,7,6,3
4548,5,7,3,4,5
4549,1,9,2,1,10
4550,1,10,3,1,9
4551,7,3,4,4,5
4552,9,2,4,6,2
4553,1,10,4,1,9
4554,1,10,1,1,8
4555,8,3,5,3,5
4556,9,2,4,2,7
4557,6,4,5,4,6
4558,1,9,1,1,10
4559,2,10,4,1,8
4560,4,6,3,1,9
4561,2,8,3,2,7
4562,7,5,5,5,5
4563,5,7,2,2,8
4564,8,4,5,5,3
4565,1,10,1,1,8
4566,7,6,5,6,3
4567,3,8,1,1,8
4568,2,10,3,4,9
4569,6,6,3,4,4
4570,3,7,2,1,8
4571,6,6,6,5,3
4572,8,4,6,5,4
4573,7,6,6,6,3
4574,5,5,7,3,6
4575,1,9,1,1,10
4576,4,6,1,4,6
4577,2,8,3,1,10
4578,8,4,5,4,6
4579,3,8,3,1,8
4580,4,6,3,4,6
4581,5,6,4,4,7
4582,5,5,4,5,6
4583,4,6,4,4,7
4584,7,3,6,3,4
4585,10,2,7,4,3
4586,6,6,6,6,4
4587,8,2,6,4,5
4588,8,3,8,3,4
4589,7,6,4,4,6
4590,6,4,5,2,8
4591,6,6,5,5,4
4592,1,9,1,1,8
4593,7,3,6,5,3
4594,4,9,2,2,8
4595,7,3,6,6,5
4596,9,1,6,5,4
4597,2,9,1,3,6
4598,10,1,5,7,1
4599,4,7,3,2,8
4600,4,9,4,2,6
4601,5,7,3,3,5
4602,4,7,3,1,9
4603,8,4,4,2,6
4604,2,9,1,1,10
4605,5,8,4,1,8
4606,4,7,2,1,8
4607,2,10,2,1,8
4608,9,3,9,5,5
4609,2,8,3,2,7
4610,7,4,3,1,7
4611,4,8,2,2,9
4612,4,7,4,3,7
4613,5,6,6,3,7
4614,10,1,7,4,3
4615,5,5,4,3,8
4616,7,6,3,4,6
4617,5,5,3,3,5
4618,5,5,4,4,7
4619,8,2,5,2,5
4620,2,10,2,4,8
4621,7,3,5,6,2
4622,10,3,8,5,5
4623,9,1,7,8,1
4624,6,5,5,3,7
4625,6,6,5,5,5
4626,10,3,8,5,2
4627,7,3,5,6,4
4628,1,10,1,2,10
4629,5,7,4,3,6
4630,2,10,1,1,10
4631,7,5,6,3,4
4632,3,10,5,1,9
4633,3,7,4,1,10
4634,9,3,7,5,2
4635,6,5,4,2,7
4636,3,7,2,2,7
4637,7,3,5,7,2
4638,3,8,7,1,9
4639,7,3,4,1,9
4640,4,6,3,5,7
4641,2,10,2,1,10
4642,7,5,5,2,8
4643,1,10,2,1,10
4644,7,5,6,2,6
4645,5,8,4,5,7
4646,7,3,6,9,1
4647,7,6,6,2,8
4648,10,1,9,6,4
4649,7,3,5,3,6
4650,2,9,3,2,9
4651,10,1,9,4,2
4652,2,9,2,2,7
4653,2,10,2,1,9
4654,5,6,2,1,10
4655,5,8,1,4,5
4656,1,9,1,3,10
4657,3,8,4,1,10
4658,4,9,2,1,10
4659,4,8,5,4,8
4660,5,8,3,1,7
4661,8,3,5,9,1
4662,1,10,1,3,7
4663,8,4,4,6,5
4664,4,6,4,1,10
4665,7,3,6,1,7
4666,3,8,1,1,8
4667,8,4,6,3,7
4668,10,2,9,4,5
4669,7,6,5,3,5
4670,2,8,1,1,10
4671,9,1,6,5,5
4672,2,10,3,2,9
4673,4,6,2,2,9
4674,2,10,1,1,9
4675,1,10,1,1,10
4676,4,9,2,2,7
4677,7,6,5,4,7
4678,9,1,6,5,4
4679,5,6,4,5,6
4680,5,8,4,4,5
4681,4,6,3,1,8
4682,4,7,4,1,7
4683,2,10,2,1,9
4684,6,4,4,1,7
4685,4,7,2,5,7
4686,2,9,1,1,9
4687,7,3,7,4,7
4688,8,5,6,6,4
4689,4,6,3,2,8
4690,7,5,7,8,3
4691,1,10,1,2,8
4692,5,8,5,2,8
4693,7,5,5,3,5
4694,4,7,2,3,8
4695,8,2,6,4,4
4696,3,8,3,4,7
4697,2,9,2,2,8
4698,3,10,2,5,6
4699,8,2,8,5,3
4700,8,5,6,6,4
4701,3,8,1,1,8
4702,2,9,1,1,9
4703,8,2,6,5,4
4704,8,3,6,4,3
4705,6,7,5,6,4
4706,5,6,3,3,7
4707,4,9,2,3,7
4708,8,5,4,4,4
4709,4,6,3,2,7
4710,1,10,2,1,10
4711,3,10,2,1,9
4712,8,3,5,2,8
4713,5,8,3,2,6
4714,8,3,6,4,3
4715,5,8,2,3,6
4716,2,8,2,1,8
4717,5,7,4,1,8
4718,1,10,1,1,8
4719,7,6,3,5,5
4720,3,10,1,1,10
4721,7,3,6,3,4
4722,3,8,2,1,9
4723,7,5,4,3,7
4724,7,4,6,4,4
4725,9,1,8,1,7
4726,8,3,5,5,4
4727,8,2,6,3,4
4728,4,9,3,3,6
4729,10,1,9,4,3
4730,6,7,4,4,7
4731,6,7,3,4,4
4732,4,9,3,5,5
4733,2,10,1,2,7
4734,4,9,5,2,6
4735,7,3,7,2,7
4736,7,3,5,3,7
4737,6,4,5,3,8
4738,7,5,6,6,4
4739,4,9,4,1,7
4740,5,7,3,1,8
4741,7,6,7,5,5
4742,3,9,3,3,6
4743,2,9,3,2,10
4744,4,9,3,1,8
4745,6,6,5,5,4
4746,9,4,8,5,4
4747,4,8,2,4,5
4748,9,1,5,7,1
4749,4,8,2,4,6
4750,3,8,3,1,10
4751,8,4,7,5,2
4752,10,3,7,8,1
4753,2,10,3,1,10
4754,8,4,6,3,5
4755,8,4,5,5,5
4756,3,10,2,2,9
4757,3,10,3,1,10
4758,6,7,4,4,6
4759,10,1,8,6,4
4760,3,8,1,1,9
4761,1,10,1,1,8
4762,4,9,3,4,5
4763,3,9,1,1,9
4764,6,6,4,4,6
4765,5,5,4,2,7
4766,10,1,7,7,3
4767,3,9,1,1,8
4768,4,8,2,5,7
4769,10,1,7,5,2
4770,3,8,4,1,10
4771,5,7,5,4,4
4772,9,1,6,8,1
4773,10,2,9,7,2
4774,3,7,3,2,8
4775,9,1,7,5,4
4776,2,8,1,2,8
4777,6,6,5,3,7
4778,6,5,5,1,7
4779,3,10,1,2,10
4780,3,10,1,1,10
4781,5,8,3,1,10
4782,8,4,6,3,7
4783,4,9,3,1,9
4784,7,3,4,4,5
4785,8,5,7,3,6
4786,6,5,6,3,8
4787,8,3,6,4,3
4788,1,10,2,1,8
4789,8,2,6,5,4
4790,9,1,5,5,5
4791,6,4,2,1,6
4792,3,9,2,5,4
4793,4,9,6,3,6
4794,3,10,3,2,7
4795,4,9,2,1,7
4796,10,1,9,5,4
4797,1,9,1,1,8
4798,10,2,10,6,1
4799,3,10,3,4,7
4800,5,7,3,2,8
4801,5,7,5,5,4
4802,1,10,1,1,9
4803,1,10,1,2,10
4804,3,10,4,3,7
4805,2,10,1,2,8
4806,4,6,4,2,7
4807,9,1,4,3,6
4808,5,5,2,1,7
4809,8,3,5,6,5
4810,2,10,3,2,7
4811,9,2,4,6,1
4812,3,8,4,1,9
4813,9,3,7,8,3
4814,4,6,4,2,7
4815,2,9,1,2,9
4816,7,6,4,2,5
4817,6,4,4,2,9
4818,8,5,4,5,2
4819,7,3,6,1,6
4820,7,5,4,1,6
4821,1,10,2,3,9
4822,10,1,7,6,2
4823,4,7,3,3,6
4824,2,9,1,1,8
4825,7,4,6,6,5
4826,9,1,10,5,3
4827,8,5,4,5,4
4828,4,6,3,1,8
4829,5,7,4,5,7
4830,9,2,8,6,2
4831,7,5,3,5,6
4832,7,5,5,6,3
4833,9,4,8,4,6
4834,9,4,6,6,1
4835,5,8,3,2,7
4836,5,6,5,3,7
4837,9,4,9,8,3
4838,4,7,3,1,8
4839,4,8,4,1,8
4840,6,4,3,3,5
4841,6,4,5,3,6
4842,6,4,3,3,5
4843,10,2,7,7,1
4844,4,9,3,3,6
4845,10,2,7,4,3
4846,5,7,5,4,7
4847,5,6,4,3,8
4848,2,8,1,1,10
4849,3,9,2,2,10
4850,9,1,6,5,5
4851,3,10,2,1,10
4852,2,10,2,1,10
4853,8,2,6,4,4
4854,5,5,3,3,5
4855,1,9,1,1,8
4856,9,2,5,5,2
4857,9,3,7,4,4
4858,8,2,5,7,2
4859,6,6,5,3,7
4860,5,7,4,4,7
4861,3,8,2,4,7
4862,5,8,4,3,8
4863,7,6,4,3,6
4864,2,10,1,1,10
4865,2,8,1,2,7
4866,4,6,4,3,9
4867,3,9,3,4,7
4868,9,3,8,5,3
4869,8,3,7,1,6
4870,1,9,1,2,8
4871,6,6,4,1,6
4872,3,8,3,4,5
4873,7,4,6,6,2
4874,6,4,5,2,6
4875,5,7,2,2,6
4876,4,9,3,3,9
4877,5,7,3,5,7
4878,1,10,2,1,9
4879,8,3,8,4,6
4880,7,3,6,3,6
4881,10,1,8,2,4
4882,9,1,6,7,3
4883,4,6,2,4,7
4884,8,3,7,4,3
4885,4,9,4,5,7
4886,10,1,7,3,3
4887,8,4,7,5,5
4888,4,6,1,3,9
4889,2,8,1,2,10
4890,10,1,8,7,1
4891,3,8,4,1,10
4892,6,4,5,3,6
4893,6,5,6,6,3
4894,6,7,4,1,9
4895,2,8,1,2,9
4896,7,3,4,4,6
4897,1,10,2,2,10
4898,5,7,4,3,5
4899,9,4,6,5,2
4900,6,4,3,5,6
4901,9,2,7,6,1
4902,5,8,2,1,9
4903,4,9,1,2,6
4904,4,8,4,5,4
4905,4,7,3,3,9
4906,6,6,5,3,7
4907,4,9,6,4,6
4908,5,6,4,5,7
4909,2,8,3,1,9
4910,8,2,4,6,2
4911,5,6,4,2,9
4912,5,6,2,5,7
4913,8,3,6,2,8
4914,3,7,1,1,9
4915,5,6,5,2,9
4916,7,5,6,1,7
4917,5,7,3,5,5
4918,6,5,4,5,5
4919,6,4,3,2,8
4920,7,5,5,5,4
4921,2,10,1,1,10
4922,2,10,3,1,9
4923,4,8,4,1,9
4924,9,2,6,4,5
4925,7,5,7,6,4
4926,5,8,3,4,5
4927,4,8,4,2,9
4928,4,9,3,4,7
4929,10,2,10,4,4
4930,3,10,3,2,7
4931,5,5,3,2,9
4932,1,9,1,2,10
4933,7,3,6,2,5
4934,7,4,5,4,4
4935,7,6,5,1,7
4936,8,3,4,2,5
4937,10,2,5,3,6
4938,1,10,1,1,8
4939,8,3,6,4,5
4940,1,10,2,1,9
4941,8,4,7,3,6
4942,9,4,8,5,3
4943,4,6,3,2,8
4944,8,5,7,7,2
4945,3,10,2,2,9
4946,4,6,3,1,9
4947,7,6,5,4,7
4948,1,10,1,2,10
4949,6,6,3,3,6
4950,7,6,5,5,5
4951,4,9,4,1,9
4952,9,3,6,3,4
4953,4,9,3,6,4
4954,6,6,4,2,7
4955,2,10,1,1,10
4956,8,4,6,6,3
4957,9,2,6,7,1
4958,3,9,3,2,8
4959,3,8,1,1,10
4960,6,7,3,3,7
4961,7,3,5,5,5
4962,1,10,2,1,10
4963,7,3,5,5,3
4964,8,5,5,4,6
4965,7,6,5,4,7
4966,5,7,4,3,7
4967,5,8,2,1,7
4968,10,1,6,6,3
4969,2,10,2,1,10
4970,2,10,2,1,9
4971,5,7,3,1,7
4972,8,3,5,3,7
4973,9,3,8,6,2
4974,1,10,1,1,9
4975,6,6,3,3,5
4976,2,9,1,1,9
4977,5,7,4,2,9
4978,5,6,4,2,6
4979,8,3,4,3,5
4980,2,10,1,1,10
4981,4,7,2,2,7
4982,2,10,1,1,9
4983,9,3,7,2,5
4984,5,7,4,3,7
4985,7,5,7,5,4
4986,5,7,2,1,7
4987,5,5,4,3,5
4988,5,7,7,5,5
4989,8,5,5,5,2
4990,8,2,4,4,3
4991,3,8,1,3,6
4992,2,9,2,3,8
4993,6,4,2,5,6
4994,5,7,2,3,6
4995,10,1,5,6,2
4996,2,8,2,1,10
4997,10,2,8,4,5
4998,8,5,8,10,1
4999,8,4,4,4,5
5000,9,1,6,5,4
5001,10,1,8,3,5
5002,6,5,5,4,6
5003,8,5,6,1,7
5004,6,5,3,5,4
5005,2,8,2,1,10
5006,2,9,3,5,6
5007,7,5,2,4,5
5008,5,5,3,4,7
5009,9,3,7,3,5
5010,9,3,6,4,4
5011,6,5,5,1,8
5012,4,7,4,2,7
5013,4,6,5,2,6
5014,6,5,3,1,7
5015,6,4,3,2,9
5016,5,5,6,3,6
5017,9,1,6,5,2
5018,6,7,3,4,7
5019,1,9,3,1,10
5020,9,4,8,3,5
5021,10,3,7,4,3
5022,3,7,1,1,9
5023,2,10,3,1,10
5024,1,9,1,1,8
5025,3,8,2,4,7
5026,8,2,7,5,3
5027,7,5,4,4,7
5028,9,4,7,4,5
5029,6,4,5,3,6
5030,1,10,3,1,9
5031,4,9,2,3,7
5032,8,5,6,6,2
5033,2,10,1,3,6
5034,5,8,3,2,9
5035,9,4,8,5,3
5036,8,2,5,7,4
5037,4,8,2,1,9
5038,3,7,2,1,8
5039,5,8,3,1,7
5040,7,5,6,2,6
5041,5,8,3,3,7
5042,3,10,2,1,10
5043,4,7,4,2,9
5044,3,8,2,1,8
5045,6,7,3,3,6
5046,6,7,6,4,4
5047,7,3,4,5,3
5048,10,1,8,5,5
5049,5,5,5,5,6
5050,4,9,3,2,6
5051,4,7,4,5,5
5052,8,4,4,4,6
5053,10,1,6,6,2
5054,4,9,4,3,6
5055,4,6,3,2,6
5056,1,10,3,1,8
5057,2,9,1,1,9
5058,6,6,4,3,8
5059,4,7,2,2,9
5060,8,2,5,7,3
5061,10,1,9,5,3
5062,8,4,5,3,4
5063,1,9,1,1,10
5064,3,8,3,1,8
5065,5,6,4,5,4
5066,7,5,4,4,5
5067,9,2,8,5,3
5068,10,2,7,3,6
5069,7,3,6,3,6
5070,9,3,6,5,4
5071,3,9,3,3,8
5072,9,1,7,5,2
5073,9,2,5,6,3
5074,4,7,2,1,10
5075,4,9,3,4,6
5076,6,5,4,3,5
5077,5,7,3,2,9
5078,9,1,6,6,3
5079,5,8,5,2,7
5080,9,1,7,6,3
5081,9,2,6,6,2
5082,6,5,3,5,3
5083,5,6,3,3,8
5084,1,10,1,2,9
5085,4,7,4,3,6
5086,8,2,5,6,5
5087,7,3,4,4,4
5088,10,1,7,5,5
5089,3,10,3,3,7
5090,8,3,7,5,2
5091,5,6,4,3,8
5092,3,8,2,1,10
5093,5,7,3,2,8
5094,5,5,4,5,7
5095,9,1,5,5,2
5096,8,5,7,5,2
5097,3,9,2,2,9
5098,2,8,2,1,10
5099,6,6,3,1,7
5100,7,3,5,2,8
5101,4,7,1,1,10
5102,4,7,3,4,5
5103,10,2,8,4,4
5104,2,10,1,2,7
5105,4,9,3,5,5
5106,4,6,2,3,9
5107,6,6,4,2,9
5108,8,3,7,3,5
5109,9,1,5,4,3
5110,4,8,5,5,7
5111,3,8,3,1,10
5112,7,5,5,4,4
5113,4,8,4,1,8
5114,8,4,7,5,5
5115,6,6,4,2,6
5116,5,7,3,5,6
5117,7,5,5,2,6
5118,7,5,5,2,7
5119,1,10,3,1,8
5120,2,10,1,3,9
5121,2,10,3,2,10
5122,9,2,5,7,2
5123,7,5,5,2,8
5124,6,6,3,2,8
5125,7,4,2,2,7
5126,7,4,8,2,8
5127,7,4,6,6,5
5128,9,4,7,6,1
5129,9,4,9,6,1
5130,2,10,3,1,10
5131,5,7,6,3,6
5132,6,7,5,3,5
5133,10,1,9,5,3
5134,5,5,3,3,8
5135,10,3,6,5,4
5136,9,2,7,5,2
5137,7,4,7,6,5
5138,4,8,3,4,8
5139,6,7,7,3,6
5140,8,2,2,4,6
5141,4,7,4,3,7
5142,2,10,3,3,8
5143,4,9,3,2,6
5144,1,10,1,4,9
5145,1,10,1,1,9
5146,2,8,1,1,10
5147,7,3,7,6,2
5148,9,4,6,4,5
5149,2,10,5,2,10
5150,3,9,1,2,9
5151,2,10,1,1,10
5152,6,5,3,1,8
5153,8,3,5,4,6
5154,3,7,1,1,9
5155,5,7,4,1,10
5156,6,6,4,3,8
5157,5,8,5,4,5
5158,6,6,4,2,7
5159,2,9,1,2,8
5160,7,5,6,4,6
5161,9,2,7,6,3
5162,6,4,3,2,8
5163,10,1,7,6,4
5164,6,6,3,4,7
5165,3,7,3,1,9
5166,6,5,7,3,8
5167,1,10,1,1,10
5168,4,6,4,4,6
5169,5,8,4,6,4
5170,6,4,4,3,6
5171,5,5,5,2,8
5172,10,1,6,5,2
5173,7,6,4,2,5
5174,8,4,7,5,3
5175,7,5,5,4,4
5176,3,9,3,1,10
5177,6,7,6,4,6
5178,7,3,4,2,8
5179,7,4,4,2,6
5180,7,3,8,5,6
5181,6,5,5,4,6
5182,10,2,9,7,1
5183,10,2,10,7,2
5184,4,8,4,3,6
5185,5,6,1,4,7
5186,6,6,6,7,2
5187,1,10,1,1,8
5188,7,3,6,3,7
5189,8,3,5,5,2
5190,8,5,5,5,3
5191,6,6,6,5,6
5192,3,8,2,1,10
5193,1,9,1,1,10
5194,2,10,1,1,8
5195,3,10,2,3,8
5196,7,6,8,2,5
5197,1,9,2,1,9
5198,4,9,2,3,6
5199,3,10,3,1,9
5200,3,10,2,2,10
5201,5,5,4,3,7
5202,9,2,5,4,3
5203,5,6,4,4,7
5204,2,10,1,1,9
5205,1,10,1,1,10
5206,7,5,7,3,5
5207,1,10,1,2,8
5208,1,10,1,1,9
5209,9,4,7,5,2
5210,6,6,2,4,7
5211,10,2,9,3,6
5212,3,7,3,1,10
5213,9,4,6,7,1
5214,5,8,4,3,6
5215,9,1,8,6,2
5216,2,9,2,1,9
5217,5,5,5,4,6
5218,9,2,7,7,1
5219,1,10,1,1,9
5220,2,10,1,1,10
5221,2,9,1,1,10
5222,8,5,5,6,2
5223,10,1,7,3,5
5224,2,10,3,1,10
5225,8,3,6,5,3
5226,5,7,3,2,6
5227,4,7,6,1,8
5228,5,5,4,2,7
5229,5,8,5,6,4
5230,7,6,7,4,5
5231,5,7,4,5,4
5232,1,9,1,1,10
5233,8,4,7,5,5
5234,9,4,8,5,2
5235,5,7,3,1,9
5236,6,7,3,2,7
5237,9,1,7,6,4
5238,8,5,7,7,4
5239,6,5,6,5,5
5240,7,3,6,2,5
5241,2,8,3,1,10
5242,6,5,8,1,7
5243,7,4,5,2,5
5244,8,5,7,5,4
5245,6,5,5,1,8
5246,9,2,6,6,3
5247,6,5,4,4,7
5248,5,8,4,2,8
5249,6,5,5,2,9
5250,8,4,6,6,3
5251,3,7,2,1,8
5252,8,5,8,5,4
5253,1,10,1,1,9
5254,7,5,6,4,7
5255,4,7,3,6,3
5256,5,7,4,2,7
5257,2,8,2,1,9
5258,6,7,2,1,9
5259,3,8,1,3,6
5260,7,5,7,7,1
5261,10,1,5,4,2
5262,5,7,3,2,8
5263,5,8,3,4,6
5264,1,10,1,1,10
5265,10,3,5,6,2
5266,3,8,4,1,8
5267,1,10,2,1,10
5268,2,9,4,1,9
5269,6,6,6,3,5
5270,9,1,5,7,1
5271,7,4,4,3,6
5272,3,7,1,3,9
5273,8,5,3,3,7
5274,2,10,2,2,8
5275,10,2,8,8,1
5276,4,6,4,4,6
5277,2,9,1,3,9
5278,5,7,3,2,8
5279,4,9,2,1,10
5280,1,10,1,1,9
5281,7,4,4,4,6
5282,9,1,7,4,5
5283,3,10,2,1,10
5284,3,10,1,1,9
5285,2,9,1,3,9
5286,2,9,4,2,9
5287,4,6,2,3,6
5288,2,10,1,1,8
5289,4,8,1,3,9
5290,9,3,9,8,1
5291,4,9,3,2,6
5292,7,3,7,3,7
5293,5,7,6,1,8
5294,2,10,3,1,8
5295,7,5,6,3,5
5296,8,5,4,5,3
5297,6,4,3,3,5
5298,9,3,6,5,4
5299,7,6,5,2,5
5300,6,4,4,3,6
5301,7,5,6,4,7
5302,6,7,6,4,7
5303,5,7,4,2,7
5304,2,10,1,2,8
5305,10,3,7,6,2
5306,7,4,7,4,5
5307,6,7,5,4,7
5308,9,2,8,4,4
5309,3,7,2,2,10
5310,2,10,2,2,8
5311,10,3,9,6,4
5312,4,8,2,5,5
5313,7,5,6,3,6
5314,7,4,6,4,5
5315,4,7,3,2,7
5316,7,4,6,3,4
5317,3,9,2,2,9
5318,7,6,5,2,5
5319,5,7,5,2,7
5320,6,4,4,1,9
5321,9,2,6,6,1
5322,7,4,4,4,5
5323,5,6,5,3,7
5324,10,3,9,7,1
5325,10,1,9,4,2
5326,1,10,1,1,9
5327,2,9,1,1,10
5328,7,4,5,7,2
5329,7,6,4,4,4
5330,9,1,6,3,6
5331,2,10,1,2,9
5332,8,3,5,4,5
5333,2,9,1,4,8
5334,1,10,1,2,9
5335,4,6,2,1,9
5336,10,1,7,7,1
5337,4,6,2,3,7
5338,5,6,3,4,6
5339,3,10,1,1,10
5340,6,6,4,4,4
5341,1,10,1,1,8
5342,10,2,8,8,1
5343,7,6,3,5,4
5344,1,10,1,1,8
5345,10,1,6,5,2
5346,8,5,8,7,3
5347,4,7,1,1,9
5348,3,10,2,3,7
5349,6,5,3,4,6
5350,10,3,7,7,2
5351,5,5,2,3,5
5352,8,4,7,6,2
5353,4,6,3,3,8
5354,9,2,4,6,1
5355,7,6,5,5,3
5356,4,7,3,2,6
5357,9,4,7,5,5
5358,7,4,4,4,5
5359,9,1,7,5,3
5360,3,7,2,1,9
5361,2,10,1,2,7
5362,6,6,5,3,8
5363,9,4,6,1,6
5364,8,4,5,5,5
5365,5,6,4,2,8
5366,2,10,2,3,9
5367,4,7,2,4,6
5368,8,4,6,4,5
5369,4,9,5,3,8
5370,9,3,10,6,1
5371,6,5,4,2,9
5372,7,3,5,4,7
5373,6,5,4,4,6
5374,2,8,1,1,10
5375,5,5,6,2,7
5376,9,2,5,7,1
5377,10,1,7,7,2
5378,9,2,6,5,4
5379,4,6,4,1,10
5380,7,4,6,3,6
5381,10,1,8,4,3
5382,7,4,5,5,5
5383,2,10,1,3,6
5384,1,10,1,1,8
5385,5,8,1,1,8
5386,8,5,6,6,5
5387,2,10,2,1,10
5388,4,8,2,5,5
5389,7,3,6,7,1
5390,7,5,4,4,6
5391,3,7,1,1,8
5392,9,1,7,6,4
5393,10,2,7,6,1
5394,8,5,8,4,6
5395,8,2,7,4,5
5396,5,8,5,4,7
5397,7,3,6,4,6
5398,5,5,4,4,6
5399,8,4,3,4,5
5400,10,3,7,6,4
5401,7,5,4,3,7
5402,9,1,4,7,1
5403,8,4,5,9,1
5404,4,8,2,2,8
5405,7,6,6,3,7
5406,4,7,3,3,8
5407,9,2,6,6,2
5408,5,6,5,1,8
5409,6,4,4,3,8
5410,1,10,1,1,8
5411,3,9,2,3,9
5412,3,10,1,3,9
5413,3,10,4,1,9
5414,2,9,2,3,6
5415,3,9,3,1,10
5416,9,1,6,7,3
5417,5,5,4,3,8
5418,5,7,3,1,7
5419,5,7,4,2,8
5420,5,6,4,5,7
5421,9,4,5,6,3
5422,6,4,4,2,7
5423,6,4,4,3,7
5424,6,5,5,3,5
5425,8,5,7,3,6
5426,3,9,4,1,8
5427,3,8,5,3,9
5428,6,4,4,1,8
5429,9,2,8,5,2
5430,3,9,4,2,10
5431,5,8,5,4,4
5432,10,1,7,5,3
5433,1,10,1,1,8
5434,4,7,3,1,9
5435,3,10,3,2,9
5436,2,10,4,1,8
5437,5,5,5,5,5
5438,2,8,1,1,10
5439,7,6,6,3,6
5440,5,8,4,1,10
5441,3,7,4,2,10
5442,5,8,4,1,10
5443,7,5,5,5,3
5444,9,1,8,5,5
5445,4,8,6,1,10
5446,4,9,3,2,6
5447,7,5,4,2,5
5448,3,10,2,1,9
5449,7,4,6,4,7
5450,6,7,4,2,8
5451,9,1,7,4,5
5452,10,1,7,5,3
5453,7,3,3,2,6
5454,10,1,7,4,3
5455,9,1,7,4,5
5456,6,5,7,3,6
5457,3,7,1,5,6
5458,5,5,3,2,9
5459,4,9,3,2,6
5460,3,10,3,1,8
5461,5,6,4,4,7
5462,8,2,7,4,6
5463,7,3,4,4,7
5464,9,3,10,7,2
5465,4,7,3,4,5
5466,4,9,2,4,7
5467,5,5,3,2,6
5468,4,9,2,2,8
5469,3,10,2,3,9
5470,5,7,3,5,5
5471,6,7,5,6,3
5472,5,8,3,3,7
5473,6,7,4,1,8
5474,2,9,2,2,10
5475,5,6,2,4,5
5476,10,1,8,7,3
5477,10,3,9,6,2
5478,8,4,6,8,1
5479,6,4,4,5,3
5480,9,3,7,7,1
5481,3,9,2,1,10
5482,5,5,3,2,9
5483,3,9,3,1,8
5484,3,8,1,1,10
5485,4,6,2,1,7
5486,9,3,4,5,2
5487,4,9,1,1,9
5488,10,1,6,3,4
5489,7,5,7,5,5
5490,8,4,6,5,4
5491,3,9,4,3,9
5492,4,8,3,3,7
5493,8,4,6,6,2
5494,8,2,4,3,7
5495,9,1,6,7,2
5496,9,4,8,6,3
5497,9,3,7,3,4
5498,4,7,4,4,6
5499,7,5,6,4,7
5500,3,7,2,2,9
5501,7,3,6,6,5
5502,3,7,3,3,9
5503,4,7,2,3,7
5504,9,2,8,3,6
5505,4,7,3,4,7
5506,7,3,5,3,7
5507,9,1,8,6,4
5508,10,1,8,7,2
5509,10,1,7,6,2
5510,8,4,6,5,4
5511,2,9,3,2,10
5512,4,8,3,5,5
5513,2,10,2,4,8
5514,10,1,8,5,3
5515,7,5,6,4,4
5516,3,9,6,2,8
5517,3,9,2,1,10
5518,8,2,6,5,4
5519,4,8,4,2,6
5520,5,5,5,2,6
5521,10,1,7,5,5
5522,1,10,1,1,9
5523,6,4,4,3,8
5524,6,7,6,1,8
5525,3,9,3,1,9
5526,1,10,1,1,10
5527,2,10,1,2,7
5528,8,3,4,5,2
5529,10,3,8,7,3
5530,10,1,9,4,4
5531,6,7,3,3,7
5532,3,9,4,1,9
5533,9,1,8,4,5
5534,2,10,3,2,9
5535,3,9,1,2,10
5536,2,8,2,1,8
5537,2,8,1,1,10
5538,8,2,7,6,5
5539,6,7,5,4,7
5540,7,6,5,5,4
5541,9,4,10,6,3
5542,7,5,6,5,4
5543,10,1,9,6,3
5544,3,7,2,1,9
5545,1,10,1,1,10
5546,4,8,1,1,10
5547,8,5,7,7,3
5548,5,6,3,1,7
5549,8,2,4,4,4
5550,10,1,7,5,4
5551,2,10,2,1,10
5552,3,10,3,1,10
5553,3,8,2,2,9
5554,2,8,3,1,8
5555,2,8,2,1,10
5556,1,10,1,1,8
5557,4,7,2,1,10
5558,7,3,6,2,5
5559,5,5,4,1,9
5560,9,1,7,5,3
5561,5,7,4,4,5
5562,2,8,1,1,10
5563,3,9,1,2,7
5564,3,9,4,1,8
5565,5,7,4,2,9
5566,2,9,1,4,8
5567,3,7,2,2,7
5568,4,9,3,4,7
5569,5,6,6,2,6
5570,9,3,7,4,3
5571,9,4,7,4,3
5572,6,6,3,5,4
5573,3,10,1,1,8
5574,6,7,4,5,4
5575,5,5,5,2,8
5576,6,6,5,6,2
5577,1,9,1,2,8
5578,5,6,4,4,5
5579,8,4,7,4,3
5580,2,10,2,2,9
5581,6,7,6,3,8
5582,3,8,4,2,9
5583,7,6,4,4,5
5584,7,4,6,4,7
5585,8,4,4,5,5
5586,2,10,4,1,10
5587,5,5,3,1,8
5588,3,9,4,2,8
5589,7,3,5,3,4
5590,6,7,3,3,5
5591,6,6,3,2,8
5592,10,1,10,5,5
5593,5,8,4,2,7
5594,8,3,6,3,5
5595,2,10,1,2,9
5596,8,2,8,4,6
5597,3,7,2,2,7
5598,1,10,1,3,8
5599,3,8,1,4,5
5600,6,4,5,4,4
5601,5,8,4,3,5
5602,8,3,7,7,3
5603,1,10,1,1,8
5604,5,5,5,4,7
5605,1,10,1,1,8
5606,9,1,7,5,5
5607,9,2,7,5,2
5608,6,7,6,2,9
5609,4,6,3,5,4
5610,7,5,5,3,7
5611,9,1,7,3,6
5612,9,2,7,8,2
5613,5,8,2,2,7
5614,8,3,6,3,7
5615,4,9,3,2,6
5616,3,10,1,2,7
5617,4,9,4,2,6
5618,3,7,4,3,7
5619,10,1,6,4,5
5620,2,9,3,1,9
5621,4,6,3,5,7
5622,5,5,4,3,5
5623,8,3,6,3,7
5624,9,3,8,6,2
5625,6,6,4,2,8
5626,2,9,1,1,10
5627,5,8,6,2,9
5628,3,8,3,1,8
5629,4,7,4,2,8
5630,2,10,4,1,10
5631,6,7,5,2,8
5632,8,5,7,5,4
5633,8,5,7,5,5
5634,10,2,7,5,5
5635,4,7,3,1,8
5636,2,8,1,1,8
5637,8,2,8,6,3
5638,4,6,5,1,8
5639,6,6,5,3,7
5640,8,2,7,5,5
5641,10,2,7,5,2
5642,5,8,3,3,7
5643,4,9,1,1,8
5644,6,5,5,3,8
5645,4,8,3,1,9
5646,5,6,2,3,6
5647,6,6,5,4,4
5648,4,7,5,2,6
5649,6,7,5,5,4
5650,3,7,3,1,9
5651,8,3,7,4,4
5652,6,5,6,4,6
5653,10,3,8,9,1
5654,6,4,6,3,7
5655,9,3,8,6,1
5656,6,6,1,1,9
5657,7,3,6,2,5
5658,7,4,5,6,5
5659,5,6,6,4,6
5660,10,1,7,5,2
5661,8,4,5,6,5
5662,5,8,7,4,4
5663,3,9,3,1,10
5664,3,10,3,1,10
5665,4,7,2,1,9
5666,4,7,4,3,6
5667,5,8,4,5,7
5668,7,4,4,6,4
5669,6,7,5,1,7
5670,9,4,7,5,5
5671,10,2,7,7,1
5672,2,10,1,1,9
5673,4,6,4,3,7
5674,2,10,2,1,10
5675,5,6,3,3,7
5676,4,9,4,5,6
5677,5,5,3,3,5
5678,3,9,1,1,8
5679,5,7,4,6,5
5680,10,1,7,7,1
5681,4,9,4,3,6
5682,6,4,1,1,7
5683,5,5,3,4,6
5684,8,3,5,4,5
5685,3,7,3,3,7
5686,6,6,4,3,7
5687,7,6,3,2,5
5688,9,1,5,5,3
5689,6,4,3,4,6
5690,6,6,5,2,7
5691,6,6,5,4,6
5692,10,2,7,6,2
5693,4,7,2,1,9
5694,5,7,1,2,7
5695,2,9,3,1,9
5696,3,7,3,1,10
5697,10,2,8,5,4
5698,3,7,2,1,9
5699,6,5,5,6,5
5700,4,6,3,3,6
5701,3,8,4,1,9
5702,10,1,8,5,5
5703,6,4,4,3,5
5704,8,3,5,3,5
5705,2,10,2,1,10
5706,2,10,1,1,10
5707,3,7,1,4,6
5708,7,5,4,8,2
5709,10,2,7,7,3
5710,6,5,6,4,4
5711,7,6,4,3,6
5712,2,8,1,2,10
5713,1,10,1,1,10
5714,7,4,5,4,4
5715,4,7,5,5,5
5716,3,9,3,3,9
5717,7,5,3,4,6
5718,2,10,1,1,10
5719,2,9,2,2,9
5720,8,2,4,3,4
5721,10,2,8,5,4
5722,3,9,3,1,8
5723,2,8,1,1,10
5724,3,7,2,1,10
5725,8,2,6,6,3
5726,8,4,5,5,5
5727,4,8,2,5,5
5728,2,8,1,4,9
5729,9,3,8,6,1
5730,2,8,2,1,8
5731,9,1,7,7,2
5732,5,8,5,2,8
5733,4,7,1,2,9
5734,3,9,1,1,10
5735,5,5,3,4,4
5736,9,1,7,6,4
5737,9,3,5,6,4
5738,6,7,4,4,7
5739,8,5,8,5,2
5740,8,2,5,2,7
5741,4,8,2,4,8
5742,7,4,7,4,5
5743,3,8,1,2,9
5744,2,10,1,1,10
5745,3,7,2,1,10
5746,7,5,6,5,6
5747,8,4,6,5,3
5748,4,6,5,4,8
5749,3,9,2,1,10
5750,8,4,5,3,4
5751,8,2,6,8,1
5752,5,8,2,5,4
5753,4,8,3,2,6
5754,5,6,4,3,8
5755,9,2,8,4,4
5756,10,1,7,3,4
5757,7,5,4,6,3
5758,4,7,3,4,8
5759,6,7,4,2,7
5760,6,4,5,3,5
5761,2,10,1,1,8
5762,9,2,4,2,4
5763,3,9,1,1,10
5764,8,4,5,5,4
5765,4,9,4,1,10
5766,9,3,5,4,3
5767,3,8,3,1,8
5768,8,2,4,5,2
5769,5,7,4,3,8
5770,4,8,5,4,8
5771,2,8,3,1,10
5772,9,2,9,7,3
5773,3,10,2,1,8
5774,1,10,3,1,8
5775,4,7,4,1,9
5776,5,7,4,3,7
5777,9,3,6,4,6
5778,6,5,3,4,4
5779,2,9,1,1,9
5780,8,2,5,5,5
5781,6,6,4,2,6
5782,7,6,6,3,5
5783,6,5,6,4,7
5784,10,1,6,5,2
5785,3,10,1,3,6
5786,8,5,7,3,6
5787,10,2,7,5,2
5788,8,5,6,3,5
5789,8,4,5,3,6
5790,7,4,6,3,4
5791,9,1,6,6,3
5792,4,6,4,1,9
5793,4,7,4,5,5
5794,5,7,1,3,7
5795,7,3,7,1,7
5796,3,8,3,1,10
5797,2,10,3,2,9
5798,8,3,5,6,4
5799,6,5,5,5,4
5800,1,9,1,1,10
5801,8,2,5,4,6
5802,5,6,6,5,5
5803,1,9,2,1,9
5804,5,5,4,3,5
5805,2,9,1,4,6
5806,6,5,7,4,5
5807,5,6,3,1,7
5808,7,4,5,2,7
5809,8,4,5,5,4
5810,5,6,1,1,9
5811,6,5,5,6,5
5812,4,7,4,2,8
5813,3,7,3,4,8
5814,7,3,7,5,5
5815,4,9,1,2,6
5816,3,7,3,1,8
5817,2,9,2,1,10
5818,6,5,5,2,6
5819,1,10,1,1,8
5820,7,4,6,4,5
5821,8,4,7,7,2
5822,2,8,3,1,9
5823,9,3,6,5,3
5824,8,5,8,2,6
5825,2,8,1,3,9
5826,6,4,5,1,7
5827,9,3,9,5,2
5828,8,4,7,4,6
5829,4,7,3,3,9
5830,8,4,6,4,3
5831,7,4,6,4,4
5832,2,9,2,2,8
5833,1,10,2,1,10
5834,7,5,4,2,5
5835,5,7,4,1,9
5836,3,10,3,1,10
5837,8,5,7,6,4
5838,7,3,7,4,6
5839,7,3,6,3,7
5840,3,8,3,3,9
5841,6,7,5,3,8
5842,4,7,1,2,6
5843,2,10,2,1,9
5844,1,9,2,1,8
5845,5,8,2,3,7
5846,3,8,3,1,9
5847,7,3,7,4,4
5848,10,3,8,5,2
5849,10,1,8,5,3
5850,10,1,8,5,4
5851,7,3,4,2,6
5852,1,10,1,1,9
5853,7,4,4,2,7
5854,2,10,1,2,9
5855,5,7,2,4,7
5856,2,10,1,3,7
5857,9,2,6,8,3
5858,3,10,2,3,9
5859,6,6,3,4,7
5860,6,4,6,1,8
5861,5,5,5,5,7
5862,6,5,5,4,5
5863,3,9,2,3,8
5864,10,3,7,7,2
5865,2,10,1,1,10
5866,5,8,3,5,6
5867,3,9,2,1,9
5868,4,6,3,3,6
5869,3,7,1,2,7
5870,2,10,4,1,9
5871,2,9,2,2,10
5872,8,5,5,5,4
5873,6,6,3,3,6
5874,5,6,1,4,7
5875,6,7,6,4,7
5876,6,6,5,5,6
5877,1,9,1,1,9
5878,7,4,5,6,5
5879,8,2,7,4,5
5880,3,9,1,1,10
5881,7,3,7,6,4
5882,6,7,5,5,6
5883,8,4,7,5,2
5884,4,6,3,3,7
5885,4,6,4,3,6
5886,2,10,2,2,8
5887,4,9,2,5,4
5888,9,1,8,5,5
5889,4,9,4,1,7
5890,9,3,7,5,3
5891,4,6,4,3,9
5892,7,4,6,4,5
5893,5,6,3,2,8
5894,6,4,6,5,4
5895,2,10,1,1,9
5896,7,3,8,4,4
5897,9,4,7,3,5
5898,4,8,4,1,10
5899,3,8,4,4,5
5900,4,9,3,1,9
5901,4,9,2,3,9
5902,4,7,3,5,7
5903,5,5,4,2,6
5904,6,6,6,1,9
5905,3,9,2,3,6
5906,3,9,2,1,10
5907,8,4,7,8,3
5908,1,10,1,1,8
5909,6,5,6,3,6
5910,4,9,2,1,10
5911,9,1,7,5,5
5912,5,5,5,3,6
5913,7,5,4,3,4
5914,6,6,3,3,6
5915,5,6,5,3,6
5916,6,4,3,2,8
5917,5,6,4,2,6
5918,8,4,6,9,2
5919,4,8,3,2,7
5920,8,5,7,5,4
5921,10,1,8,3,5
5922,5,8,2,3,6
5923,4,6,3,5,5
5924,8,4,7,5,4
5925,2,10,2,2,10
5926,1,10,1,1,10
5927,10,1,10,6,4
5928,3,7,3,1,10
5929,3,8,1,2,7
5930,7,3,6,3,7
5931,8,3,6,5,2
5932,4,6,4,4,5
5933,6,6,2,5,4
5934,7,5,6,5,4
5935,6,6,6,2,9
5936,4,8,1,4,6
5937,2,10,4,3,7
5938,10,1,6,9,1
5939,7,3,5,5,4
5940,10,1,8,4,2
5941,1,10,1,1,10
5942,3,8,1,3,8
5943,3,7,2,1,10
5944,8,3,4,2,5
5945,9,2,7,2,7
5946,5,5,5,3,7
5947,1,10,1,1,9
5948,4,9,4,4,6
5949,8,4,7,6,2
5950,4,7,2,1,10
5951,10,3,7,6,4
5952,3,10,3,2,8
5953,8,3,5,3,6
5954,6,7,5,1,7
5955,9,3,8,4,4
5956,5,8,1,3,8
5957,4,9,3,2,8
5958,2,9,2,3,7
5959,9,4,6,5,3
5960,3,10,1,2,7
5961,5,8,3,1,8
5962,7,3,5,5,6
5963,3,10,1,1,8
5964,4,8,3,3,7
5965,5,7,4,1,7
5966,9,2,7,6,4
5967,1,10,1,1,10
5968,10,1,8,6,1
5969,8,4,5,5,5
5970,10,3,7,4,5
5971,6,5,5,7,5
5972,4,7,3,2,6
5973,9,2,6,7,2
5974,6,5,4,3,8
5975,9,1,8,5,2
5976,5,8,4,5,7
5977,4,6,3,3,8
5978,1,10,1,5,7
5979,2,10,1,1,10
5980,2,8,1,1,10
5981,2,10,1,1,10
5982,7,4,3,3,6
5983,8,2,6,4,4
5984,7,3,5,3,4
5985,9,2,8,7,1
5986,3,7,1,2,9
5987,7,5,4,2,8
5988,7,3,7,2,7
5989,8,5,7,6,4
5990,9,4,7,5,3
5991,6,7,5,4,5
5992,8,2,7,4,5
5993,5,8,3,2,7
5994,4,6,1,1,8
5995,3,9,1,4,5
5996,3,9,4,1,9
5997,2,10,3,1,10
5998,4,8,4,1,8
5999,6,6,4,6,3
6000,3,9,1,1,8
